dist_100m,dist_200m,dist_500m,dist_800m,dist_1000m
0.22846694121051384,0.2731083014387545,0.4546120614526487,0.7216479061062421,0.7118983604267357
0.18702060175633312,0.33288672891575477,0.3278851367890031,0.6456821620427798,2.3912610618407544
0.1599251744536048,0.3734814074317332,0.5415638129490798,0.4319429740686633,0.7548588476997228
0.20945003176121008,0.3390106178690269,0.3920444600718185,0.6012663127198196,0.733829685672675
0.19591360634821242,0.3708698341466681,0.40350722385542037,0.7367966890855236,0.9716177388801699
0.15434829498254204,0.2476290771865587,0.4210640967020275,0.5018370974114661,0.9570144027829298
0.3061762904379573,0.23591182944709532,0.45009850412794405,0.5974669188657414,0.8930228960882367
0.2576242077409611,0.686450739093388,0.5008459362508177,0.5273197428110045,0.7174345978976243
0.2039560908149385,0.1952627813507409,0.3731259262412928,0.3983310349499728,0.5885391761137184
0.07513871387534533,0.258125046348617,0.5255437531564902,0.5819167389564751,1.0010157321494788
0.1569391341840373,0.317939559909608,0.37645442567340864,0.5491581194603635,1.0228480406426539
0.1869727216919313,0.2733338637812962,0.24777958198050634,0.5147153028812601,0.7755615828593038
0.15858008497991818,0.24045881158613108,0.8378447273716056,0.676625910880731,0.5682179947451269
0.18294718483961706,0.30377759928495274,0.3943998064919793,0.49894992913570113,0.6196919021827461
0.1588255441862566,0.3068161836847746,0.4849971288477737,0.7776538555834343,2.1088574197566774
0.17912903182780524,0.33389781696935816,0.3397234081407999,0.4751853451084472,0.6325378077959639
0.18308969729441524,0.2899650764709954,0.49889877640680874,0.5875472713710015,0.7730647072105395
0.19603023301398337,0.37568679255620624,0.5168751083433715,0.5875249631079448,1.1016205919492381
0.1447896794664444,0.41428701779902705,0.4795597683649794,0.527355393379811,0.9749310225529909
0.2120761126429858,0.3808511133296694,0.35416666965081733,0.6776580299888458,0.8718227705911824
0.15865602708790413,0.3220595995652099,0.44070206443525073,0.8542215856963875,0.6368167047215283
0.13991289907592178,0.23004317764975937,0.5821748235863058,0.5845776770253084,0.7764360226827592
0.14481626400776682,0.4310196878940822,0.32008562675811014,0.5686726675241276,0.6490512715317847
0.1918218073099036,0.42953628277699085,0.4410336132078096,0.6243906285208672,0.6903232642722941
0.22568499777593323,0.3550174294902816,0.4908832473411988,0.8179449682129696,0.5346796105991195
0.19275297876431793,0.33609865119314986,0.5172998467533789,0.7579556341282034,0.9439650428651264
0.23086996649201277,0.381978126277972,0.4851645946148515,0.728686844085686,0.6236609655529727
0.22966093934177362,0.21869388079346957,0.5047133018177808,0.6037097659473988,0.9683779838655898
0.740473235165871,0.299139205328021,0.454700127803711,0.5766736538404984,1.0744576511441695
0.21757146844434486,0.2650648776477426,0.3599964626849235,0.6109983730314529,0.6171707420948683
0.1776850601240262,0.22584479551081346,0.7629183963468155,0.5542879120013213,0.8183471770154966
0.23708318304862483,0.3357856108424762,0.4713261040874771,0.5848433880286025,1.036548202416561
0.17597093631819447,0.3667327067042961,0.4572911723690933,0.42414958851965034,0.8282692023473671
0.13921006267462888,0.3557276118626899,0.4190101489468784,0.5595969478427923,0.855904808704662
0.28389316752934984,0.26868872718152875,0.4355219181726404,0.38923731142101037,0.6779152719505637
0.2357024782805225,0.31895849107047636,0.38171274269624156,0.687561199843171,0.7994246180768139
0.26385950793657725,0.21757434897326683,0.4996522124991799,0.46956256751705583,0.7727238786968019
0.1744495176207894,0.32023822329644314,0.49388151215142573,0.5713232767630493,0.9706870356111863
0.15467811008499024,0.2514903503929837,0.39336993280838684,0.5341845817145746,0.8394062178816062
0.22626387780517976,0.3726236098134428,0.5533861584146835,0.566203536122202,0.9257410781053065
0.2238314696613071,0.36156168194581395,0.3386245753506992,0.8347061650027586,0.761169287595455
0.16755521416247454,0.24250572285444352,0.4738470811994459,1.049442931144645,0.8550242421131802
0.1879786131530858,0.2541386477226152,0.5103968668898162,0.5209738069722655,1.7543398446623364
0.24033564805873814,0.24785250357819222,0.43208939723850515,0.6469241802975793,0.881420200500923
0.15648950605744077,0.2928533072155729,0.4593552336958965,0.6772200224431468,0.7979729307004512
0.12851682124735034,0.3038095960505827,0.39282867759702955,0.7805398178416645,0.8590312830278343
0.21362475151429447,0.2059678475224737,0.4156097678158363,0.7237169042725197,0.7818406167619687
0.1498599459047498,0.2956547426059201,0.45935137679863125,0.37039056777393486,0.6882414439034434
0.21483151781268492,0.25284495409538826,0.44904669852638385,0.5874302053019195,0.9484351733573648
0.21821015039944872,0.28882678547866564,0.39346628001378087,0.3807700972372591,0.7390113980903448
0.10865119532746507,0.2875097280709934,0.45814821791497884,0.6243930006975212,1.3428962889462275
0.1999671198754008,0.3580034577774613,0.49677445842966134,0.5856105872349161,1.2008128836885685
0.2959550393254843,0.2562580409475293,0.47199138829933474,0.690931915129106,0.9620964265515722
0.09667580559472086,0.3378044190824503,0.5386684881209848,1.5003283527566191,0.5573613582699192
0.25244035375161694,0.4069325302119571,0.7372234856891385,0.5385557961824861,0.621365695306238
0.13682089968305566,0.2747164715656756,0.43185148647617394,1.420031855615609,0.677255332556445
0.16637269554437845,0.3178333630566193,0.3424694808484422,0.5482405273098906,0.9853791443954248
0.1933796240469626,0.32308190360590466,0.3422722160658549,0.5158600112787448,0.7144477586862674
0.11726358486201716,0.31138199560966445,0.4305251307133184,1.8673639020826234,0.9592884752594419
0.2181095496734698,0.4184141532089665,0.43158556384459906,0.7434611423810127,1.2288648377233942
0.20204526502918163,0.20800297838062112,0.454802182999492,0.5492471943442263,1.8710996332969685
0.1904775700971383,0.36510797891482866,0.5111991777116004,0.5962584931863182,0.8011690232432316
0.19167964071346244,0.27445248706847875,1.0062511452143181,0.6371587324287875,0.8154227697098558
0.21605216440634706,0.2814742905298161,0.44040273316905176,0.6511289087434422,0.7490909147403465
0.20732676251324483,0.3256991937964177,0.6221791742861242,0.4420957030899465,2.599486924905688
0.24943321054065715,0.31946135615322263,0.5036968046645228,0.584114040129791,0.954457464513218
0.18832799575708598,0.25410467756047467,0.4308679355658505,0.933800867965515,2.261077973556823
0.20119969813663688,0.306576228616316,0.41933400669899756,0.699814420320067,0.9863501573377731
0.16526383706375336,0.3422644425768401,0.3628348177500951,0.5400219360864363,0.7457839632795946
0.22417385037297569,0.3316048173161328,0.5106415341550343,0.6905509869985634,0.8175437505962985
0.22914217847794907,0.31015786153655334,0.3311147809512932,0.6646016041799954,1.2486507319679359
0.25459278325711454,0.3244838995450951,0.5299176406897521,0.6368690004416797,0.6405787919156489
0.25370775144537866,0.26280054541047043,0.4978776874789603,0.43610521651756295,0.876632023310395
0.14173166378119134,0.42013177298480253,0.3516117198611698,0.5321732495628466,0.6924036631711463
0.23877429537333028,0.36388203278212017,0.38902579157329165,0.5924514318152373,0.9236187961535534
0.20146147148996701,0.2768560396793312,0.35617288350479037,0.495494548578452,0.7799846564552207
0.297272861865832,0.27639261929015124,0.4267523398208977,0.7546387672032887,0.9255394497766191
0.2169039496084706,0.376151660976422,0.44140794164404284,0.6243173421673894,0.7246746122736556
0.27375686500460605,0.324530615986853,1.2214163139692291,0.9325718817456836,0.9043373574516234
0.19113752183517105,0.3229197953103814,0.4595595825666744,0.42366270974302367,0.8487191501911472
0.21348468948948957,0.15501500874752658,0.45235791864785874,0.4269852057072784,1.1294958422703913
0.1777127801340029,0.3685733925078353,0.5427978191825914,0.5549324079879449,0.5324890672138016
0.2021256511535446,0.31458982523561047,0.5769747338671682,1.5432319897038336,0.5344264845636066
0.24215214351122372,0.34740828069214047,0.4048086384509044,0.8123139371398328,1.1578493924954576
0.1736593894520028,0.3117047891588888,0.34403601423233626,0.5615195912985793,0.681160064162855
0.27377794847758385,0.20477259875402817,0.4616496576864085,0.7719581210188218,0.6980036281588905
0.1969794232473978,0.3739841820016776,0.4420072525987104,0.5631387376441795,0.6584016913699196
0.2105705096263416,0.24262156840048293,0.4408818545305182,1.4343570787159001,0.7768910815706348
0.1441856254587111,0.34034591653338286,0.389575572557196,1.2482824164695558,0.8926751566518083
0.2283366272684913,0.3609241290683935,1.2758276879697452,0.4897620778063079,0.9440042105381085
0.2305102340003792,0.2606888689157003,0.533724907873204,1.3113738326136828,0.6781382482923541
0.21469183438963907,0.31774869367719255,0.6555360683524449,0.7094478529553276,0.7884673657272846
0.17692687567251936,0.34607590274159,0.6286278743616682,1.846031028012724,0.9835112502878549
0.18335980192666704,0.18212895296968168,0.47048410643247807,0.5222609834731241,0.6915057881402
0.19449833140485134,0.4043996215990793,0.4575946418056361,0.7316167359421575,0.9955945908072944
0.2517994989416476,0.23533611014076722,0.4138321153605174,2.1705983777187154,0.8639580416673965
0.22082355903121853,0.3219794626410404,0.57280830690363,0.7936170305553821,0.7624651410913087
0.4828289684131644,0.2831127489835691,0.4497214749190378,0.7731097535632745,0.9007143750291635
0.1845762909394013,0.2474982443161768,0.4664116628631318,0.6428268647311711,2.5362232180064
0.07736862855776937,0.2647950984496367,0.5259687310889765,0.9132102147411496,0.8357709087475145
0.17327277794114543,0.3834784754748063,0.48106665572662977,0.6538607914056337,0.6823636788821623
0.20227859891820485,0.3200675595137338,0.4248386732998747,0.701022402132577,0.8878939152341023
0.16362529246991764,0.2302516787268714,0.3070259652259302,0.41998633431160276,0.739636806803033
0.1404835801194975,0.3079563672285744,0.5254418925592719,0.8890516015539276,0.5750712862071731
0.24678444125258125,0.21549468243972067,0.3969968382992031,0.5338518332353513,0.673431604650963
0.21574709737650583,0.3591358475995724,0.38925436225202537,1.069211863642954,1.028443798286344
0.22122277630107506,0.27078905079505705,0.5494916388918886,1.1903841584268091,0.6163614329390538
0.17654282342376618,0.21619316685361895,0.598447879913716,0.7035531935647821,0.7547415997833669
0.24226000104363585,0.29723064166549124,0.48807544518351254,0.6445169995011406,0.8006317040060218
0.1706432702424999,0.3680825695729165,0.46762777772109393,0.49208868045250875,0.690184000887407
0.19664129051229945,0.32641947685324413,0.8050059954993573,0.7388684161144783,0.3190692204954154
0.20509152635294509,0.30152234621054147,0.23214143756796646,0.5786201153501176,0.5887799266483039
0.21377690196934804,0.33655867761204145,0.6413108991970002,0.4391012830051685,0.7973780852890875
0.2274387978423978,0.3052435247729845,0.4828641384450669,0.4563458230096896,0.7470103128804446
0.21599633033170165,0.3464643080576501,0.4461043368462666,0.6855252951026689,0.9508008635325115
0.2357383197351557,0.3226119797588498,0.557100627626725,0.6715170092418857,1.0561377249032144
0.21539172360257225,0.32298123238365345,0.5634103980897532,0.5775295274020341,2.139790203408222
0.22564452798360202,0.27124810478171146,0.3711472288486977,0.5467023098115137,0.8217469085941073
0.176907456681138,0.3922136766514278,0.44795341888104434,0.8622255555519569,0.44538920453171166
0.1672021011077176,0.24916408107897375,0.588362069228744,1.053054070345669,0.7058120757239164
0.22987275405078547,0.27426581523178506,0.3733803503838876,0.684514528659917,0.44203620807050664
0.27347218625061204,0.28908307835814,0.43315799390669074,0.7662587829762596,0.7449968850097289
0.1417803913471833,0.2792660330181862,0.48226265121123374,0.5785688311260432,0.8342813556686381
0.16685117328338633,0.24004828844690612,0.505653963989904,0.706500492211813,0.9101978154128652
0.1756342411896434,0.2986992995663737,0.34307195347129216,0.5266306759731427,0.9646283185068394
0.1571481339753075,0.3614207477845064,1.0450293398843111,0.6537655171859,1.0996623931322986
0.15252226145618436,0.35880472540012087,0.4190509876605049,0.6487167787356715,0.5234865016375624
0.178374466388138,0.2564670624077486,0.48121184363854147,0.595862957092509,0.8090065010299272
0.17446021427796188,0.5473800892929089,0.3355356315677676,0.7098558072737549,0.718149081297144
0.48812992295071234,0.6432991646666995,0.4532745636711551,0.7706865550481938,1.0652659868447867
0.2367780120617735,0.3069169860839633,0.35769248626408884,0.6521808882796363,0.8465670896469079
0.2364058585138739,0.26785109752774106,0.5347421406489268,0.44511751721141635,0.7686726481960937
0.264209377826482,0.3029751303210061,0.573241112194825,0.8338353180572137,0.9013382215578563
0.2266865925261088,0.2516398055062984,0.5094752698451266,0.6588180832811293,0.543393185029476
0.23801351164153522,0.18740224375047693,1.2521238266639487,1.528568130237589,0.8664194745905522
0.22937317325187806,0.2690087742263094,0.5247247614719166,1.1393309285798197,0.7984822249121881
0.2406185964672897,0.3396451431028117,0.5331549054729441,0.47758329232432295,1.1147223218658282
0.22509543210227748,0.19891995880795033,0.35006050568900127,0.6407340148626642,0.7052195162995647
0.24250618244496588,0.37553017752000073,0.42016570963366373,0.5125476578850253,1.0451516305247284
0.21051538622761212,0.321445746715267,0.5139012205503477,0.3088033483933891,0.9045532035227721
0.11654056737971911,0.31942974332671803,0.6184744177226451,0.7792269671051748,0.6300747534505251
0.1569452437519766,0.31669091930381926,0.5197170032134724,0.7864477477188038,0.7674771247673992
0.17969924090730044,0.25879928219778503,0.3454000112094429,0.46866909467439444,0.8177877535484779
0.18901994205790634,0.37175185519127435,0.5944423505579981,0.7168236833236247,0.7186095503080261
0.2739524355243793,0.2891550211387833,0.46144497911051957,0.5729421314048528,0.7569763685799876
0.1720611901146954,0.23993041884477012,0.4312390866616819,0.5324849099104019,0.8207052964857056
0.16870565781244282,0.2278502902660162,0.385871416906742,0.37944242089526425,1.0684394035153997
0.15134937238404744,0.2841501332004819,0.3674533340505248,0.7191073587014255,1.0334727244964401
0.2570658991781074,0.3022410753267587,0.5455801859750053,0.4369197811729594,0.7599368251177936
0.2427079059914639,0.4204823209938459,0.47370414518380255,0.6458669604222471,0.6499345153272184
0.203489409822259,0.321949529212734,0.5292406580815997,0.5926039040211181,1.0151387015444493
0.11226269735046084,0.2855387734126316,0.4134225433800012,0.7982305461891677,2.0404622771571135
0.2611933790111139,0.24985286166748055,0.4269205454703337,0.6806250630984662,0.8368782715195107
0.17774550861740926,0.3205894151417991,0.5182265520756999,0.47916749585965085,0.8378408925581731
0.21776675958788158,0.19314812971585815,0.4795622069162292,0.6368577701437714,0.7609264161529302
0.17271905524641165,0.365239283138839,0.5320396526713361,0.5338290071250206,0.7991577299158591
0.11682307773714201,0.2688846150262797,0.5446731970661001,1.9742839138945227,0.5652973961954663
0.20765159612714149,0.2113660635174804,0.4530093222882092,0.6530407344570262,0.5635970259808585
0.16315889085283095,0.28877510079701446,0.3511335848097397,0.5022324786116512,0.7893374656347898
0.20550976139936755,0.6386086076012868,0.49312573019966616,0.5032510329036664,0.8155693861569
0.22036167366845882,0.3194115150766586,0.36361723161325826,0.5307464539594127,0.6526631245675901
0.20813492148828122,0.36076687586184314,0.38115867174175905,0.6835688181085534,0.8395982863788829
0.174703624857398,0.26657094283080685,0.46065851607452096,1.4889645306278907,0.6157768906462973
0.1857811466585568,0.22901689039743506,0.5306294774825266,0.5381467294738783,0.5065977594349562
0.5260482760046311,0.3974465235906014,0.41190336366924457,0.5373193802338444,0.9210312874269723
0.2327632615455294,0.32578329333419087,0.48061969676770805,0.37529833082502495,1.0642521119423705
0.2772418212966969,0.1977737925833154,0.4198839938346608,0.6103449410831214,0.6423231767962926
0.3664362648836947,0.3022032390985133,0.567934345918191,0.3424875605842223,0.9856150681046427
0.24119025853418236,0.3854198319250809,0.4029022289824738,0.4377990714679365,0.848020682816233
0.19245198099746433,0.15486792624945975,0.4005617210995427,0.6448396136268638,0.8967349837192489
0.17248323100575236,0.3285461383576081,0.39868953489575515,0.6257618810810542,1.7253086002456102
0.21045402351662412,0.24515263968751494,0.38446232890830767,0.5274563233499818,0.6908230045411851
0.1585628436200569,0.2545138469689432,0.4360416166258612,0.749382184946627,1.719660722464518
0.1578683008737732,0.3697983985280551,0.5295231730943492,0.5058569980934066,0.8744076746382785
0.16871142237293965,0.2931997641757879,0.31987117013698785,0.6831350548149612,0.7524240069586853
0.18636450117138345,0.42062802118065795,0.5449316633307069,0.5444839029691652,1.5610894937920095
0.1853218762720125,0.26021752220891187,0.5268187504598747,1.2665734522776033,1.0652033592925227
0.30356988216946185,0.22206239792168175,0.44095592948437756,0.8320468411142493,1.071503612458435
0.18760654872604288,0.308323878505784,0.4267491681986251,0.5466741844041133,0.8649394665407889
0.17613002681155687,0.4009955119707916,0.6134315097307432,1.2568512393385656,0.7250373243251947
0.17384370322353263,0.3574124553865057,0.45507759277956816,0.5471168479720188,0.8241845587425899
0.20779275905337355,0.2580016716919998,0.4722002441521915,0.7333471669713769,0.9666505085430767
0.22103737916439467,0.3567049219872975,0.4989395720258956,0.4230074637061344,0.7774272971062476
0.1664271364480113,0.34060997187486264,0.4478137396976999,0.5675156918553685,0.7279432891045685
0.21539446433282824,0.4292493394182357,0.4197256103904717,0.6519626816034354,1.19185288190708
0.3017268465912055,0.28594522997797356,0.5053183383930888,0.5135303604046901,0.6997718532446073
0.13284668587221954,0.3179009695131498,0.4284189460685878,0.42626530358448755,0.9649034680218159
0.20986998085531366,0.2712540396281266,0.5163451371228471,0.967111403262071,0.7615057097937686
0.23159422155416465,0.2386867408996828,0.39914635863382036,0.6251592769328801,0.763341027402919
0.26917113032393114,0.27730453971106267,0.5076363239021257,0.7331917049836572,0.806594219792945
0.15570126059969275,0.4329101719858661,0.4475603933466071,0.6745464968926966,0.8604093304872545
0.20724823358803404,0.29827388163357127,0.37557278811216493,0.682609035223389,0.7144849418550345
0.2051124063731616,1.021770000346255,0.524783383194086,0.5269364085908312,0.6939153893857792
0.35155285161548255,0.19025792844681777,0.4665585086397516,0.739481534047961,0.9770328396694389
0.25186690678640056,0.3970217202473213,0.35213046056364167,0.6264164970702175,0.5804767345348135
0.21086049484015984,0.307175220701399,0.4833924283482087,1.8658483149032754,0.6082482271437499
0.24453571501612595,0.33954812031459974,0.3721077177580232,1.4215659766403201,0.946627322376031
0.13029682626375538,0.7750665902141849,0.4861370811594843,0.6642466208404836,2.1177678638045556
0.17497254377474078,0.33537920999023785,0.3810842233383706,0.5247656828452428,0.7004964697229896
0.21071537091729034,0.17066389079319658,0.5809129540305777,0.6097452034038833,1.0560287372943689
0.23717181581389124,0.31889713609624076,0.500967354690011,0.5995780554129889,1.4215401548534639
0.2394933163961363,0.2567603687392704,0.37460095635374135,0.7515092019283761,0.5837564189939345
0.1916323852651824,0.328529128204503,0.4361984607769066,0.48871311392002975,0.9713838609988599
0.23910781724208569,0.2852706459441949,0.43937498153547905,0.5796446667662888,0.8312164131169664
0.22768550356129286,0.2605236731876489,0.48077768636223334,0.6459524648686831,0.6858749525361276
0.15805852727880995,0.5207156139629708,0.42111685307714847,0.6107768025513942,0.823184664883609
0.20321158953624366,0.24693879332762855,0.5298950720980848,0.602678567079484,1.0324645375190444
0.21960598687716262,0.31818458828346136,0.3444150127583209,0.5844592533278237,1.02506674414495
0.1710048380534416,0.26446981075155973,0.42957849989521185,0.5818183049782449,0.8449454764069831
0.15221989963482202,0.2893638316310602,0.5899199061428771,1.21149272313736,0.6068246986143795
0.25824379912486517,0.23087095912360012,0.4392978208573861,0.7165902160037021,0.7013842605784977
0.24318537298155374,0.7403918391907964,0.47804306327655255,0.527801567901383,0.8452681848567138
0.2547682918074202,0.2973988232436134,0.42994821107936554,0.9552714159526094,0.8690948318672509
0.24656569961004213,0.3781653383765456,0.4540432310076497,0.7775395834423444,1.0943621481433192
0.30092688449488175,0.3535943681490773,0.46098274145644985,0.6031948088202432,0.8712116943256125
0.28188801408110653,0.2463931184547626,0.41818733506604544,0.6228500794505772,0.6465804140403341
0.13417469014381628,0.33573001589730733,0.3625468728633293,0.6245790699567925,1.631082029696104
0.25482821641317116,0.2832474167886008,0.4627739049266089,0.633286642022165,0.4941799478623926
0.24870540990834902,0.2766566648627558,0.5535962740259679,0.5468229945235664,0.6445857796143268
0.21317400940621042,0.15342587688415232,0.5263406975190472,0.4612306992330242,0.8569538646875586
0.28055654972744637,0.37033478554117283,0.5996165667607697,0.7373980081093552,0.7726627912194042
0.1969008295795628,0.778153119824867,0.3003013764163761,1.7151551374737295,0.8868362500315383
0.13799823561817004,0.4954951338556172,1.5709273178991146,0.4081355948482006,0.7772821343094868
0.20134695236752265,0.38874312213500783,0.4655074869092587,0.500296516725715,1.8624041828908517
0.24678952636591367,0.3432518359644983,0.3165647336205662,0.7947140058331971,1.755425064042854
0.17406656290988287,0.21502035112928514,0.5308715684184406,0.6356486719588512,0.8381079241089876
0.20995074384850937,0.25416529771696944,0.4608649388373754,0.6642213268921149,0.49967368414059377
0.16699997178072518,0.3723444931948583,0.3927095177161902,0.8047779465104078,0.48685749064142175
0.21612655967780564,0.26437607092776044,0.28422812446466494,0.5439514269577681,0.8489549599368023
0.20543742930896797,0.375641847370203,0.46838343108774194,0.5806952119379467,0.8239004307291382
0.1757899194006571,0.22682479436473663,0.42192423024688236,0.5030861283992227,0.8368547154600784
0.2126091777601003,0.3301011627538685,0.3601282942192887,0.6043303164073877,0.9161803076546431
0.25477447455159713,0.3413290517574409,0.47180915249316235,0.5999339701159235,0.566978620908585
0.1781739080723735,0.307465162487091,0.5409232159846243,0.30286430060012376,0.514231300031139
0.12646461879669002,0.21947754262975208,1.4715789190723396,0.8020123999577748,0.8829153058606402
0.2361841777774424,0.3647001015619393,0.44281840759500857,0.7142369641759146,0.7221692195788437
0.2634956720227078,0.1965709195541311,0.5395433028560108,0.72651560307666,0.8869358511532436
0.14623747339911658,0.3605270343773572,0.3912128541430881,0.6626953271871975,1.0074985533586525
0.2910661261469375,0.24659052403737744,0.5168426867769761,0.6496302970119545,0.8548997090975333
0.1933719458960005,0.27526839531499986,0.48110513881865313,0.7158703917334586,0.7059317200509921
0.20913417957609753,0.23703767107773807,0.4790582960653441,0.9453214214428268,0.924901047320637
0.2290791966547342,0.2793601225193427,0.47426804209295487,0.6749435583827188,0.8192541089510276
0.11940850113285757,0.21211896019331955,0.6118188007830588,0.6091916384070863,0.9017652793089098
0.18906699529186397,1.1286765369236968,0.40705657339670814,0.7019297359570589,0.54419089923073
0.17874299422106277,0.3073833915889046,0.526869741134619,0.7764785646020278,0.8705368868379331
0.2512806604801418,0.4101134579973,0.4563706163744467,0.4592147097453083,0.8695885102035528
0.20556504595114228,0.18620525068661725,0.3730884196598041,0.5608408837207993,0.631551122726119
0.18023017193348934,0.3605727829564845,0.3393099865523201,0.5043810592469608,0.855722065985366
0.20198449277989652,0.20318386311758396,0.43170661098338575,0.5366000252027251,1.0030332870037422
0.12734015146317637,0.22484566603598255,0.4505827101139765,0.5879570209418046,0.928245403932293
0.1015133906936775,0.3511253052626538,0.3641643952079138,0.4210721392586625,1.0648750902304878
0.26019207719536386,0.2932858843317141,1.0082720846217739,0.4407500246249888,0.5276199946641724
0.19754022596112922,0.25691029826112255,0.501176132421606,0.687033995110191,0.8800922216816175
0.21739543670186673,0.30608178531642977,0.48205350136173974,0.675456123730387,1.1960259625401979
0.20808123956073366,0.3142938114304105,0.49450787527925943,0.5124438838694503,0.8749156796139379
0.18898086936703642,0.3221230779167643,0.26197485318216096,0.41900030926749154,1.3696242157297307
0.1780682480862547,0.35722615345880687,0.29247922007552096,0.5475616220655646,0.8496292136089671
0.22649803836897262,0.21429008323518006,0.5864797609330323,0.582837687916592,0.9300077743332437
0.1952679226136946,0.3500016584595464,0.35367594144819475,0.4791141042641045,0.9967906569518299
0.13262993533605233,0.3088253470089872,0.44666619875349,0.5876487927096905,0.49066081823297025
0.20279117525339393,0.3209474429810257,0.4249963547973365,0.45293678779448193,0.9880174373140386
0.1690098293100608,0.3060913057428437,0.44011060073939284,0.7376308086043548,1.5566293845612407
0.1874854513484091,0.3423808036653778,0.5020559766832229,0.6544428708991061,1.6832161357598243
0.18664006634901487,0.27017671269892646,0.45330412832857103,0.38289462669163593,0.8439822347156888
0.20211658061744223,0.3650432710602678,0.3569190786882699,0.8438549215356883,0.7138874857912879
0.4822666909000791,0.16655134809412314,0.5295696818068978,0.5323828520126946,0.7481161655091687
0.21675867253350628,0.3787167024835331,0.46590703238567954,0.7493545561176586,0.8279651657046132
0.17077302823430918,0.21527502251045355,0.4570235998853525,2.001543876310669,0.3121614853682546
0.4548181735093839,0.33128634229121284,1.2391958188702847,0.8001684448083812,0.9306499435124476
0.24846614378492676,0.28098711498118645,0.5605697427549066,0.6318049363405934,0.9265490847469855
0.2187400239739525,0.3374841061155903,0.8745709481834424,0.558823969763448,0.838794761200332
0.4156165472758644,0.2650094674544101,0.528922767061065,0.546387412866627,0.8637753545436533
0.1497068666249698,0.23517139720300576,0.393317702072446,0.6257565129723999,0.6269275939168945
0.21207113834661132,0.3187605269316601,0.47759057793062015,0.7066180406678737,0.6363874320419907
0.1498792360192932,0.27160254380601007,0.38701799407339776,0.5230746899394983,0.7164670966050997
0.17480719787470717,0.4340809103951991,0.4641509761226409,0.46199422240818866,0.8295246416078816
0.21616845903529158,0.24166118139241172,0.4616119922467992,0.6488682080117465,0.7026712650528286
0.15164134095516532,0.23936338616691857,0.6241378809564859,0.8198383645355313,0.99421775819925
0.21090403753879994,0.3746212239884212,0.536452192581103,0.7591466255292407,0.5455683333487304
0.1840986364457388,0.2606185893808436,0.4940591885865846,0.6852350558621008,0.9908498860365266
0.16623098332352435,0.23289703858154556,0.3472284156246007,0.4426640106677218,2.312274335852593
0.18292965856600826,0.26770528734585963,0.5048785722255593,0.5455282354359717,0.6619477807125769
0.20801890053341154,0.31603065863224356,0.4038583789212511,0.6638360520293374,0.7966489672516964
0.1764617131799157,0.2329054612067033,0.3184888707072332,0.6261197321482974,1.820788637200229
0.20918405742606502,1.0302465160459635,0.3378716564010452,0.6821196040181658,0.8244116702722124
0.1967532878892275,0.29811027427690234,0.41957150186396913,0.5338253060549799,1.4161875287990986
0.17071512206618172,0.39188776834841454,0.5782568326603155,0.6870090392878283,0.8627923371727351
0.17769412370269216,0.2819882790799594,0.9116700961935943,0.40298336460425155,0.687351152363948
0.20483361359478852,0.20328307080432112,0.38973683414848237,0.681230496761895,0.7387515142165048
0.16039080193694488,0.19130347910051904,0.2712672770502992,0.5417116312049903,0.8395238332049872
0.2345992396203348,0.3428729210311393,0.3154200546875826,0.8360999913529442,0.716722650815454
0.17331540861502004,0.32771921751216054,0.3010598423418844,0.2251040766400378,0.8855682455823816
0.14212554349082798,0.2568428503550896,0.418439349985901,0.4782580851874732,0.6078784294528554
0.27064310968602334,0.38994016652423535,0.6319952097805954,0.6225365917614406,0.9328164665742523
0.23059583275622555,0.3362531671785856,0.49201314217136416,1.5651751851796862,0.7585719067616016
0.2485374444027244,0.2825158388811696,0.34943282308768514,0.6669662379381706,0.5797081656344162
0.175974518381455,0.3167060053348167,0.33562929609163394,0.6677234288642035,0.9512570856270752
0.14378510280094492,0.34768303891677493,0.40565795426930246,0.6297646398519055,0.9402137138740811
0.170941063410372,0.23184413948246255,0.38207487210006824,0.4750683745644667,1.0111900805158731
0.16120137022694286,0.3030348886363756,0.28213641325254213,0.6564181636778305,0.8807117804381709
0.17959694453740913,1.0705196668322787,0.5559708038441742,0.5415119654146509,0.8894615185328224
0.1299941163308849,0.28973266461909747,0.5189995067647744,0.5097506468525462,0.8937782633350078
0.09815797251597895,0.3579430705493494,0.45712686349466775,0.735080990856634,0.7449962989186356
0.2006238815180383,0.3562481129319081,0.44511185119340496,0.7555012473717404,0.8584545288148809
0.2153148113638607,0.3269892791792339,0.44329419025756134,0.5107148831058244,1.026837504537014
0.24973518860798016,0.28628989089344326,0.4938293748596047,0.5485446521542069,0.9628103755804421
0.2090090321074263,0.39543458568991896,0.3801992852701959,0.6446652268229057,0.7321808268095323
0.12219939268676855,0.28650752092832316,0.4333618715318455,0.6340683983197514,0.7155417873610858
0.23521483004956656,0.3384837331001085,0.47255662853326125,0.5090175587949117,1.0089717526759419
0.18578428210248824,0.34481428722031043,0.5347098669648578,0.6298604242291118,0.9040257672807637
0.22547463913873037,0.2935394723766342,0.6341738296276753,0.5471272528989304,0.7530166016964702
0.20162842444541781,0.29861682645934134,0.4880170095038149,0.7586795244904183,0.7914406799053624
0.18315802890975755,0.34665551582184095,0.4462907529826818,0.6938014524802323,1.8636455909954395
0.16105315511814816,1.1160195002318998,0.5814774502488557,0.7376379354317193,0.917164287532434
0.19351256334835354,0.2780465523662331,0.3694335094612375,0.5414656280396178,0.9278499527758907
0.1301197705694866,0.26966083847520417,0.5930464486381969,0.7597712958765582,0.7283433364767671
0.20575401913206126,0.24628123565238103,0.3798747688882507,0.7919275162357152,0.6439335101086507
0.21767212289057075,0.2411032571634557,0.4762700839348828,0.6990465414081148,0.6996383207490314
0.17551129405336605,0.3559339954579698,0.4204879357215074,0.5724264234960063,0.7411125922490037
0.2235280514497942,0.42659754375319725,0.5053443747935477,0.564963467174162,2.1475109544263757
0.20439246868302136,0.3104508974987806,0.39902834805140414,0.5422080968441605,0.6825940572679776
0.28602695364568786,0.335726732616377,0.3102358451115254,0.6240883510374761,1.0994691290862817
0.26281534408202134,0.2767254084736624,0.47513104487913005,1.3873066893033787,0.6755392549654747
0.20918097545564263,0.25080800562597205,0.3537699431397678,0.6148330813862684,0.5724464534588775
0.21668089979158786,0.36553004651343013,0.37043106869629605,0.6727127886848309,0.8572172104121668
0.17151604225709213,0.28686263329055,0.5050575066900412,0.6669275252250905,1.1028664291547887
0.2752630992948252,0.21952822817824055,0.5492707029910725,0.6387775326494756,0.8000755107507627
0.16813925986244146,0.3037547550170296,0.35204653167197125,0.6243150096068856,0.5650268671842695
0.11111973061843325,0.38167636811179284,0.3107500457689204,0.4491685436264251,0.7751471040517974
0.2195160383751521,0.3195591392579117,0.46235244729313124,0.7608134759251137,0.7361827258482816
0.2754384196293183,0.22496853335383776,0.4518363419669505,0.6642880892889019,0.682762225389738
0.2123899406265395,0.3361687336670745,0.46121018338877207,0.6454490945507767,0.6490932754552781
0.18731813601824926,0.24774146484616857,0.3689260334360182,0.5329838094736548,0.8604764687411565
0.21926423995728614,0.35438538762151683,0.5099814895841921,0.5560409011836868,0.8024252133563182
0.18250092541881086,0.2071433128253817,0.4121166612466174,0.7274133303345539,0.9368274932317227
0.1642225621514719,0.31666959155774377,0.6043485762147628,0.8160825784444163,0.6855340758980514
0.1940897880271683,0.23372731303523087,0.45728898214044605,0.791019135267355,1.8354799388590908
0.22957406278362938,0.274414597818006,0.42475746761199945,1.4076780365067953,0.7653435495754616
0.17856987164146107,0.237419916525562,0.30595476894133755,0.6944145164207802,0.9721257465877717
0.21477149269907148,0.30216031002762633,0.39209521016908155,0.7331793185210466,1.1931629603685159
0.1554381419915967,0.21761463547270338,0.5970438382099071,0.7007188184524962,0.7206411998615836
0.17212314470652726,0.3415488459785734,1.0108609464644922,0.8817527678700612,0.5528634717311024
0.1567480645064151,0.33559344634254534,0.40246465437399587,0.817728853079877,0.6421567121721006
0.16445212824551395,0.22881192555866542,0.5715492656373965,0.49454681518512356,0.7604382942655045
0.12150198403603447,0.28967379509797636,0.40277701364886215,0.7671552401131899,0.673498202109977
0.2088228748227155,0.29057055034961,0.5127854407571453,1.7052588640401958,0.8277869704228008
0.20397377339986936,0.26673488409527335,0.43366613730942233,0.480570063001291,0.5805731219589042
0.2130874003261525,0.30536242173907663,0.4683174200061603,0.4531810016540657,0.8240549442385983
0.26588466869328253,0.4287709404083876,0.49473010750603635,0.5694803394392381,0.5971581060437905
0.16457866173922808,0.2411417873100309,0.45341374155573194,0.6092672176460466,1.0014932091904325
0.17870365844795125,0.21877770100137736,0.399243339629192,0.7467090885112011,1.0538615678086285
0.15137590117889643,0.2966328897260666,0.5546772784511502,0.5662133968638171,0.5871911773473053
0.24986007039653402,0.35508351138750266,0.49031803016904635,0.5306312794934019,0.8966563758831175
0.1075666450193095,0.316734294384942,0.41245861868296485,0.6068852051162492,0.7548357595645641
0.26354383193324366,0.29366211188679153,0.6746391310960622,1.3116367786168919,0.9244021575859845
0.23379261282432093,0.44952151430814197,0.5171401498249255,0.5249294538714155,1.0720363173680365
0.19191004020268584,0.2713743563139866,0.43646180215529273,0.5146506452160067,1.0321373645166811
0.13116141624661926,0.3332779562772421,0.5786202000462891,0.6030337645818535,0.7852196771128961
0.172537849942713,0.5034293014176703,0.38124707712481126,0.5621189540673048,1.8464074990303085
0.23969560313612692,0.2803756282707314,0.6487050111477305,0.7097066870350986,0.9449655331922392
0.17706525118272395,0.3580836089969195,0.2972368850313958,0.7241553281082168,0.9113966375253764
0.3958864288192742,0.37560994689502364,0.35785850417935827,0.9012771288747357,0.8575920783273905
0.2749507705110453,0.24094328664496387,0.4741125711424065,0.538749748509117,0.6282602646079435
0.19091115748004497,0.31777771053098813,0.3954933721015561,0.7890113710806804,0.48349401596745883
0.1747243990547272,0.28107247530317975,0.3269770908941822,0.7078803035719685,0.7514336072905041
0.20968903214298149,0.29879138838177466,0.6001347801290753,0.6216414323998735,0.9087936791274265
0.22261919683139653,0.2785695132225978,0.47520059566994954,0.4576465679506855,0.5904098590684256
0.15396159138958498,0.16605663070345905,0.36165210240734336,0.6560817534906355,0.8274030403600177
0.16787614260805128,0.2511425450692315,0.37995849168484874,0.6764007835039361,0.6716057663142881
0.215011681765511,0.3264331783960229,0.40719648663427577,0.4509299263749376,0.6981570833987081
0.1691580870121964,0.38439675700039705,0.5518936197490399,0.7406631306127238,1.0081254319807536
0.15060025336085425,0.2598591242445039,0.3936285289943521,1.30192080176925,0.6627217717886532
0.23541595030872547,0.3411351368245514,0.4383982164384611,0.6204737922513852,0.8585312793393657
0.10573480920946855,0.34009153885537136,0.45320504235898146,0.6262764269248129,0.8570916684258367
0.24306450476287908,0.25933496523351696,0.39555761168487624,0.738356319916263,1.6903425674963597
0.18874487401596482,0.2254058651073717,0.44738216643657464,0.587597558123563,2.4689165616381477
0.22448433087273192,0.31887090988720007,0.417472542076229,0.6926014428113267,1.0193199821417482
0.2203166110106311,0.324610892303377,0.4534161468305944,0.49921458184356804,0.7923827444668033
0.24385528421909441,0.3963763920087071,1.1670566988459243,0.49250011224390133,0.8780535550605816
0.2539258160247537,0.3079959069049178,0.4342842605685625,0.7613617335798931,0.9416115980038167
0.18056141568021142,0.3826644083926457,0.3671235851088981,0.7183613606172179,0.7711474849384947
0.1651459208844117,0.23198075451559463,0.4686823058419005,0.6956439555065542,0.896350345461471
0.2296872279081034,0.2844024382904662,0.4697517121972253,0.5385989803692037,0.8720019750838676
0.1918309023527672,0.28020676558098445,0.5502687641863016,0.6406225908504941,0.804679446479062
0.2482377981045633,0.2081341791735798,0.4444776790343563,0.7180616355682328,0.659202285320283
0.22798661365826906,0.2817128973513933,0.46998810195549956,0.7924622923734275,0.9760483457670865
0.2050648300830121,0.28976674635047095,0.2932101537723878,0.6232695260014156,0.5891586274491932
0.19513730506587018,0.28966419852742165,0.4590176599425603,0.6651191842463579,1.0862629914196587
0.24002556704640532,0.2454982895959735,0.5083000414782036,0.6974829178132564,0.6972574605153475
0.2017785878844976,0.22673987390312328,0.429134378125211,0.38174430182453645,0.8046101066418868
0.15976957733842317,0.26414919419817234,0.309808808944742,0.44493048607742836,1.9830163737630402
0.1109839515586184,0.3857614787431356,0.4686338953916097,0.334753612964279,0.8747703870673299
0.191107299401037,0.31598160967526734,0.3312687981202324,0.33811414158556435,0.8137683372385893
0.16421652613970655,0.29263322686042215,0.33682993667609135,0.4483499581521564,0.7449686110008169
0.2514914715281322,0.3128038814450832,0.503892813144729,0.48857182418989475,0.494817475692591
0.18630166669134252,0.250529847661899,0.37662770110397137,0.5491460143880186,0.7049146467958088
0.2234338409858039,0.33329707502369277,0.3967929659136561,0.4365916744655811,0.8587556790345662
0.15550938523884536,0.29163075419685175,0.32238002957281464,0.7165585471614404,0.6718559115691034
0.23668044003596775,0.3227392878978495,0.35019070469223024,0.48919158974615673,0.9581879656356911
0.19089759454723063,0.2679780256324081,0.5309912565308855,0.32972256082399765,0.7993703297267347
0.2631941460955381,0.282155380930366,0.3741794326601776,0.6309842105600273,0.3509508176154141
0.22383488479432484,0.21287817025226663,0.3108742655140956,0.6039582746562215,0.7305002339755309
0.21078888900875697,0.3335149957631416,0.4898254093418578,0.7044460771998037,0.7603678137665741
0.2318393676219785,0.252091177510224,0.4256890540858232,0.7922308133662681,1.0752951382914497
0.1764105153950508,0.3305581235099254,0.41809377082544963,0.6823371323998965,1.574702519423778
0.15374581224183376,0.37261571486560624,0.4011635661572273,0.6149937070045983,0.7120984704213139
0.16284087536561936,0.26691304136631067,0.3839257577205867,0.6774989410885611,0.9508365563024911
0.2171299543977038,0.2767111761461849,0.466742586332726,0.49569704240003276,0.9429304006360109
0.2817221816232148,0.372066598367518,0.5405523367904023,0.490675447314324,2.013082737949874
0.23027611669658168,0.32640256346656465,0.3942119513870751,0.712212672858586,0.6575483716707591
0.2589179478917734,0.3028340811687364,0.31726492249253047,0.4023274701955887,0.7369352361661478
0.2201871699977762,0.3103865366485486,0.43208768158151134,0.6089842901768422,0.8475215491926972
0.17675687908423685,0.27123675649067625,0.43967189057637346,0.6254171198351978,0.7552913904731973
0.2062483809429002,0.8426556768570475,0.3222330209888348,0.6070508869003869,0.5464244554524631
0.1628875061212481,0.26162740334631324,0.5503540471502145,0.5626599486227113,1.87143986415091
0.24144540893543084,0.38190708796951556,0.47511767917516984,0.47176756751197796,1.0222627496012189
0.23930797081512856,0.2286105888995245,0.4397738786092579,0.5063789311202032,1.9972099254168891
0.5465461713782207,0.3388623452647215,0.3956928752527329,0.6222773533842846,0.8545912911352523
0.1635921931580605,0.32868803653239703,0.46889466223676585,0.4862457114062103,1.4619134927766009
0.18495327293161312,0.18809663858767395,0.645178694659971,0.5125423944100286,0.8955426820722672
0.2392407902818707,0.6592211770139479,0.4714985648285311,0.576428823847328,1.286511248528446
0.24660367896227667,0.39128789776238504,0.5325631777870488,0.6679686609847317,1.08680807431806
0.16112623141920795,0.32363404969035114,0.7989817250902428,0.5804277750628434,0.7262890019534021
0.2559640723687269,0.3920594392790949,0.4292256841067263,0.4237776466465538,0.9688356319742686
0.1791755361906894,0.3065335732980892,0.3975902018153536,0.645643266019332,0.7962245063386117
0.1645679187700253,0.2779693752472082,0.3885538842115025,0.669171043208447,0.7713599673934841
0.2867317343609039,0.269335587809931,0.4326186042446955,0.7688930990908602,0.8342258267942204
0.1931019523407765,0.30581016610873346,0.4488758526520026,0.5279246468709524,0.4923688925396379
0.19345995997453974,0.2662995930675013,0.5647315766854167,0.6168013024853406,0.8184454068951021
0.13200537691326705,0.35086174523667696,0.5943391474591216,0.6398815591581275,2.1563607569298497
0.29043719427156556,0.3340719179652197,0.6176483134761992,0.5465621591753895,0.9440123853980787
0.22111434288085605,0.18790332915662405,0.4845128335496887,0.7527628491973316,0.9200567281171917
0.19358949598317943,0.28863836855403285,0.4812467745022641,0.6043064001037967,0.7327617037167183
0.17390781193014104,0.27317304739184367,0.44809243090063366,0.6981655164469242,0.8161804721147068
0.2714672947232987,0.38072157204832074,0.3708994466459153,0.5793484288125574,0.5007203129767548
0.24591754491452328,0.3117805399757581,0.3721145215255164,0.5036699992748253,0.6499698051861893
0.17113131750927263,0.358984498510524,0.47790472793390043,0.5560735856237546,0.6595552940953325
0.18376110311024493,0.26771410891973496,0.5710162940548,0.731137408241168,2.3660641963393325
0.18713558337853065,0.23741317157878566,0.4041632960079769,0.48864703301886897,0.7369350352311159
0.20741163285100814,0.2798990040669823,0.3687730709975744,0.6664842722376177,0.8174962447957989
0.21841302340366064,0.36119040214407044,0.34784248544365504,0.6765324000119868,0.6309458956374221
0.195482796283658,0.34186204113036456,0.4360379326318461,0.5271184671297054,0.961310469733341
0.15589440009124317,0.7395218373165389,0.46099486373663484,0.9104948590931958,0.8754017806649542
0.22569976742460657,0.35485601615174395,0.33744097786916194,0.4910215846108752,0.6603786803578362
0.19840603957741834,0.32953830029859627,0.689058202989294,0.6673190227047248,2.097789503400571
0.2112142070603459,0.3620625657485408,0.6640964922431385,0.7238417187402547,0.7143284815805357
0.24417945527350943,0.2556560190411412,0.27293321727304376,0.483289900517907,0.9579168932545638
0.18659766432117778,0.26933764254861164,0.5745682955978116,0.5388802378266089,0.7787694542265206
0.19824481735890834,0.2972169755927893,0.3727479224201336,0.6519810740502927,0.5496399156209141
0.1989764914402943,0.31263435154444763,0.47582184729284466,0.7502939986165177,0.7920013031577272
0.19970394208706205,0.35735241512456994,0.3123114288455434,0.6673740479895266,0.9026028033830894
0.24857493555667898,0.23617594024013988,0.41791167456777134,0.5739176560715316,0.9600751996003288
0.19223700790240106,0.2745007237935335,0.3050977348077293,0.6057948573464758,0.7716120390784215
0.22333840790731993,0.2787282681025635,0.35508316596134765,0.6610933087488688,0.6716568079902713
0.20377335909062647,0.33645555875370686,0.4554180295929881,0.6557558968179606,0.8699875785256102
0.19057935207050453,0.290212213968531,0.5086851667655717,0.7023540159472086,0.798815986714624
0.22593642897945623,0.22151802059911987,0.4622318666387778,0.3855436570521462,0.651614050251248
0.17192279098497731,0.27509270607507225,0.5318982136913862,0.6268849310826077,0.9627654654502641
0.1896935132698531,0.389068766078662,0.4901301134794646,0.5300231725772152,0.7819643656127199
0.19338529737705001,0.35728599189320304,0.37831241866822696,0.5905992648050834,0.8692650904858679
0.28463792388001363,0.30973839088206795,0.5099032193741582,0.649732225212295,0.6907809756589285
0.12055051912624085,0.28396627515412265,0.4268582012383604,0.507469135018798,0.49943926682114287
0.23015574742850015,0.3160813396471179,0.4912439105832703,0.7383296263444472,0.7639218303401113
0.23912834472116606,0.3578600640441797,0.44279710877920586,0.4454085747809178,0.9210008091438003
0.2099621639374297,0.33248549683747536,0.38056238824735283,0.6680995086008287,0.9135075847356264
0.2070772753443857,0.39690382148650166,0.384433675178504,0.478344770212662,0.6425268618328684
0.25290444498837283,0.2889646455086242,0.3285614424476237,0.4963988502771837,0.7664322743319862
0.2625386206397957,0.28117440874468247,0.32037663343481243,0.4842770635785453,2.17886308705866
0.17813426218233513,0.44822689576799185,0.4883605350941109,0.7240627983478469,0.7820723493036686
0.22924033992793083,0.27070036465296565,0.49734487236384556,0.7144806539752108,0.6776857541135027
0.29359906409353437,0.3369696692381374,0.48324671073842507,0.5919544126582782,0.6369982331353443
0.2019698640125849,0.35254337120835777,0.41062008288119256,0.7025578005912482,0.7884653842567534
0.2320949931663719,0.2820185724990768,0.5085501735849778,0.6482927311698734,0.9398294514291581
0.18962896610633306,0.352753870351157,0.5432506656397694,0.6371516630871171,0.6594510790925131
0.22859943820567427,0.34023464024063504,0.45838340014805307,0.5551920591386432,0.9804577219010213
0.18236290820734463,0.22168178455795973,0.5080876341834835,0.5033526990986839,0.8165225645623887
0.17448562862008915,0.28219299982172663,0.5069910289725307,0.6447110762723731,0.6276743454206155
0.22124539163218995,0.3906760026635531,0.48647971382392585,0.5371972116708745,0.7353259617633671
0.2239830098650404,0.25272660437807076,0.5644657395720057,0.4605916654073713,0.8745982219485519
0.17147996151359157,0.3102172902469673,0.5652388572422545,0.5790074764620198,0.8619675558706739
0.24568583156554996,0.30648266205696745,0.5405520602110512,0.5391377960423793,1.0151508879169377
0.12495536820950809,0.3111411125968839,0.5440277151577249,0.5176355356743367,1.0122930815165834
0.28458180670846805,0.35930592306364567,0.44325390997594183,0.6763932818181682,0.9339259193267851
0.19599464210608236,0.21985680453380685,0.5622220671432819,0.6953877201950679,0.661905893367634
0.21902568507226083,0.36021601022804967,0.3609030000839704,0.5147961942322848,0.690164705971944
0.23224038065029895,0.2662420625226626,0.46820312121906393,0.7116065564404057,0.7310004396582075
0.26338317328377886,0.35963465102375297,0.5348045369949959,0.5843031906160522,0.5017790049522142
0.16474899835344062,0.39585214834494475,0.43063675565158366,0.6064719415652268,0.5003443295044694
0.19559049616043878,0.38631600792500764,0.514302593490324,0.6322315926699533,0.9360046253597037
0.19530692846318415,0.2889049310491346,0.5309366728263898,0.6725300808505937,0.853786907334755
0.23681746780608465,0.29537357887912374,0.49090804483259415,0.23132517823623883,0.6906906918286306
0.27225708068006127,0.3939095570682492,0.563759317240396,0.7149971397188253,1.3399557172741288
0.22715785402022826,0.2806075963025078,0.375074018027103,0.742164641399639,0.3900533854175911
0.2137923210870475,0.3190233624887749,0.4923043853796626,0.6502260315858929,0.9885810141938297
0.25337104267230465,0.2566753495884987,0.4052302890625905,1.7998702894469358,0.6885421172927141
0.16494616350826094,0.3842302926791767,0.46382834245873844,1.002054251592796,1.8072371369964981
0.20776360191951052,0.2847364649896883,0.5648150704551698,0.7626182076150709,0.5206076534108223
0.27014209742835976,0.19927213860839404,0.47638831488432226,0.49681308519906076,0.7277168156394729
0.22069079737264824,0.33938522799674414,0.5403849773049125,0.5833172032475007,0.5858858270176491
0.18881859718519764,0.3616335334495315,0.38328503607394004,0.6950090019011333,1.6450460357602084
0.15857193426246155,0.27703993710991387,0.46131765663106095,0.5879652577626596,0.9323551583376368
0.20173225602799452,0.37572218272427177,0.5191797720924061,0.641243467056297,1.5812804039588129
0.26587439510122396,0.33598863408462054,0.3011178800595516,1.6507873162143762,0.7957434573758236
0.48244877958051896,0.27478792899498855,0.5020093347625738,0.6459814189847356,0.6827109060913048
0.20185479001742013,0.34418858873524516,0.4009586165993415,0.3180959379928804,0.5602064829734248
0.16960626153368794,0.27059016146526865,0.5543804703378856,0.605329322785894,0.573961711785846
0.24759678496739196,0.3356842506263043,0.3702846897652823,0.5788867843973623,0.7145924797992061
0.2346998084164254,0.3536403602455824,0.5106892402297944,0.6381707476587053,1.1432691252180203
0.22649907796802873,0.211288480362401,0.360781285361054,0.43259968454217024,0.9084184066504924
0.17928659648073236,0.3683696031671819,0.5000675229834117,0.569067179084497,0.7660321876014564
0.1992778317538483,0.2806719705045284,0.4411037541100351,0.6533137057458931,0.5804722115895079
0.1903805233028341,0.3098543051991371,0.4870705516976567,0.9318557531048267,0.9331330359335723
0.22981344268328088,0.34365405091427864,0.4841233440455661,0.6981646807743982,0.6315973097480166
0.2456697980251783,0.4914822335929853,0.5389146166985209,1.1713226982199325,0.9147598211604349
0.2131828497364265,0.4174837596517611,0.6182125053306446,0.8117421853674545,0.7788649923575911
0.1581347713829614,0.34808241236473636,0.574347379652271,0.6524370295843095,1.064453777935604
0.5895516450239696,0.30238455153472243,1.4123129061172275,0.6307741003201995,0.6323905262967079
0.19485718854012335,0.4034245631843102,0.4163066332543273,0.7079982488201785,1.088976662867232
0.16431310326153584,0.3430878010063902,0.3682626088222566,0.7451039611162801,0.9476672810058194
0.16491248846284468,0.24209722516352375,0.47682214088520614,0.7285557560823319,0.6480638602890073
0.24266442244873226,0.31234730163637026,0.40571560039991655,0.8451170325206623,0.7736001912610324
0.1996123473468017,0.27649256827770385,0.46363107642545537,0.48966241602351246,0.8517669757729522
0.15235609980459694,0.3720122405871946,0.8105611561454243,0.5097128724837138,0.7863272227935609
0.17240591561931712,0.2909789583219598,0.2995774909970351,0.6583255620265996,0.9631788437986928
0.2038018337583564,0.21974758637360925,0.38967136893276694,0.7589199557532896,0.9155036093964001
0.20302375574138853,0.3409926137894574,0.395615529059277,0.5792623580540908,0.7578955740513319
0.1682534903778873,0.1811195233855578,0.5197292349642015,0.4069219393571838,0.7977465058055159
0.2042043374523646,0.3100110979723629,0.4578466919312368,0.5998158939958235,0.6631794553220538
0.13531773133492841,0.3200014455134281,0.4668012474220409,0.5678193177454965,0.7590138891805974
0.14770734435034216,0.29887483405587395,0.5094902771587635,0.31261477063349413,0.8742068575074339
0.16512019956398236,0.2836459594358093,0.41941687260945876,0.6920695600701479,1.0567279627804644
0.20053510693813179,0.6409648299546145,0.4984295881716799,0.6006878910559108,0.6850417553406996
0.19818991463969193,0.31874957017277944,0.48815483877504423,0.5974168228271401,0.7072333362393914
0.20615657131236748,0.3453293565603401,0.4510247458231786,0.7697748328513888,0.8133430175504185
0.15634849006786658,0.30190554332384867,0.518386113852502,0.30765747492275053,0.9410803017145022
0.21199251112345452,0.3502766788769476,0.4319401242760442,0.7515260932024596,0.819523077410872
0.19013838993825094,0.30835388339364733,0.2860270365291442,0.436456642813732,1.096051746204532
0.19531954461145962,0.23951332424521116,0.35220500369666696,0.5798839896956238,0.7688543857636819
0.14598121648525053,0.2856649615956814,0.5924469864215594,1.1148704220522736,1.9797983866649809
0.20095981354780057,0.35629062384467536,0.588884529406756,0.4555111296754426,2.0035483491344213
0.23990581131345282,0.36350708309147817,0.46208265569833723,0.7648531260348157,0.6869203678921145
0.22279007169297288,0.250237730909807,0.48122073165113166,0.5967103137294955,0.7972796771459639
0.24379532448252292,0.30205574697479476,0.47659105857556405,0.685902476535134,0.6262268265823397
0.2052991784553481,0.3204548488235792,0.5842907021177759,0.5823717308240682,1.510635460577203
0.15463636618406704,0.30034766701433513,0.46495931827899656,0.5191505729606957,0.8079790135729485
0.20383404992463078,0.38764588040800735,1.0231299786438701,0.2951517385843946,0.9034131344714323
0.1710939039214881,0.2742967986385985,0.37945799028992455,0.6580738181327893,0.7764702517963876
0.1452086985614155,0.3854986611387808,0.40751916412589834,0.6457556566507452,0.9399259786422026
0.22716335784330674,0.2774067906570401,0.4028425496709686,0.6082259797482726,0.6717763515037062
0.2155661165282936,0.33442505640546216,0.6480987415686958,0.6199459952394142,0.814301313516428
0.18714743667719308,0.3118617873833598,0.5300757418861715,0.7026506162839622,0.8165486978943968
0.43307666579147325,0.25409443839865836,0.4414080701860208,0.5784490082321374,0.7156276531081058
0.16248270521231553,0.37388277962538863,0.5595699429374332,0.6236748248089364,2.1244600306406074
0.16291014834829773,0.30812600719301414,0.3934013606074644,0.5755423960793469,1.0621224104686289
0.18643764698081458,0.23207612707350467,0.3421564801090624,0.5334330242088323,0.8050869946396801
0.18072636165257094,0.3584928999871797,0.42632044133925784,0.6999154167910734,0.62889884762634
0.2957086596579984,0.24079322390584088,0.4086986094446233,0.4731151144035993,0.6247414432001122
0.2157468742168076,0.2423399186850044,0.5980725799526694,0.6144551787671345,0.770898744666999
0.18606067604186716,0.37366200907073827,0.4741358790052432,1.204100804252624,0.7914608450685866
0.17877214207013442,0.3326879181000713,0.37298488467877433,0.7388275887317688,0.819499112109979
0.2406464472603354,0.29599509124411055,0.3975193569973376,0.9099438684513703,0.8173432637037864
0.18190117503323233,0.22601714215732566,0.4124340723360671,0.7276892764052095,0.8318788069963472
0.23464468567492233,0.36206584319174734,0.5819454942120603,1.5730710577101563,1.8031374825211484
0.29140997210687886,0.44592763686824133,0.39116024992135,0.6409947864453431,0.8104838102474055
0.16325797665826589,0.3947562506643314,0.573636130601167,0.34207166574283626,0.975359188074807
0.19412056716507037,0.21634414873173238,0.3459803987416252,0.5738383408827156,0.820266863673026
0.2016179041704642,0.2324243862690773,0.4391563849196014,0.6614361223432837,0.7069536260879496
0.1419943165320826,0.3153410007977194,0.41959259001801613,0.6498373100913452,0.8067705684047309
0.2214880801653815,0.2776407629408746,0.4266163545101645,0.38506087572657854,0.6303477931718388
0.2064325074329902,0.3084410155883317,0.4185558046555302,0.7397986476816458,0.8596337184465831
0.20282669415521223,0.2600105906028102,0.43514985940833706,0.5715347186743768,0.7298256291667468
0.28034679116840416,0.36129785840103007,0.5408780989231741,0.5910400509517285,0.5933668061464673
0.21770371945133954,0.27142052348700657,0.5957571872232401,0.5630871359375353,0.8739494896960176
0.16346213302428103,0.238558689061733,0.5444050713480686,0.6973298607189793,0.7239921488095759
0.257985645421067,0.2854622435645838,0.4586866358524412,0.5520255160710189,0.8862529253146544
0.1915625668998566,0.26987322925011875,0.3711155329562002,0.4091799241847823,0.7283647171000027
0.20425068772399713,0.8339561456916693,0.3391357126365888,0.6198586288820528,0.8445860938596007
0.21917416082206348,0.2693430526683614,0.41483358319290964,0.5919107552703158,0.8091894681303745
0.13423072863888802,0.30603945716148145,1.301295838111835,0.38041162583615884,0.5137112326580797
0.16678245721458096,0.3318325913349567,0.46255578361431704,0.7385157256228863,0.7644262323257108
0.28937059366665285,0.34181958043572,0.467025695886884,0.7378864512682486,0.6671283232806651
0.19863827269535317,0.3148379855951953,0.44689960193730804,0.6727456115193268,0.7839155392191249
0.2510356050624225,0.21274064333869122,0.5843256544512178,0.9241009658235464,0.7277036304019497
0.14696203970443855,0.29541080888371973,1.1593451219323603,0.506354279922577,0.8847506869044884
0.22896219636868886,0.25283105949941254,0.34127331656369403,1.5355390988172206,0.8703190370766328
0.2240414901970273,0.2766799980874876,0.4483165536708407,0.5475758476598267,0.9029922583794965
0.1701379959876502,0.2914786183202168,0.3716516249311461,0.590999891668469,0.8657851762144864
0.14367520794113897,0.2463503453912761,0.538887446846809,0.675519135858393,0.6290300587358008
0.19156676913093104,0.3071244344691773,0.3705747448449305,0.3918543222538551,0.5285145337970191
0.178423506282815,0.3332750702268383,0.43463998723023695,0.6403455201510352,0.6664087771781344
0.16293696992167317,0.3266788776304398,0.4202214319050325,0.6478366265119028,0.6149845052083958
0.2510277363743044,0.3149286288137749,0.3988962445347436,0.7795704766331728,0.7669308133951108
0.14303528055879966,0.3288036029447699,0.5327860043007225,0.6382975958994043,0.8699187281187756
0.12052011412948552,0.24834106621931995,0.3865703061107724,0.7663274662396946,1.3240676975876962
0.24923618983351992,0.32503796955971614,0.5691449901406143,0.642958360572228,0.8302596779757002
0.22027145053324304,0.27799444811033935,0.4031779467222702,0.6763099844897688,0.7833487754371027
0.19592827939629018,0.28772318285008114,0.5440988097381095,0.6731057883128293,1.2644982091021975
0.183092735972679,0.2998737858265837,0.4172671866232573,0.4579448238288861,0.6368619838213557
0.2816636370178392,0.35795442871912064,0.3677282195808882,0.43602566517129127,0.5346179314326887
0.159306761877017,0.26381471955043967,0.39275026216572206,0.5377744020026239,0.6203197271245191
0.1757824049799689,0.5818633800545522,0.43912348846397176,0.7589477049543988,1.8604184076378714
0.16711811075963828,0.2815822736173411,0.5692069302297611,0.6772338650154563,0.7030223544657777
0.16705661468364388,0.2658949852751451,0.37611602179209846,1.1211616944301832,0.7040328926939771
0.16908558412350982,0.22095498956508797,0.3502058115714765,0.4394369212931033,0.560523244192976
0.2320047468567199,0.3118632285164134,0.4255103727238631,0.8314049206744777,0.8076370440762561
0.19003565728753172,0.4362123507044651,0.523496878971959,0.5896848307060344,0.7778497049033153
0.13064151387987727,0.2599406428191396,0.47216468633123354,0.6340861167839171,1.6632260219914115
0.17963421247142927,0.25855409332006296,0.925892755042617,0.7690174986653644,0.6224274899904038
0.26832864594917566,0.25255933409159276,0.5165941179239399,0.494707964100468,0.6489372901948358
0.2303942646594235,0.24849393281647608,0.46891392639956786,0.6217565928131265,0.8911869408848334
0.2614321925687265,0.27111499504865566,1.1498363098129778,0.5559466139864798,0.9312372659494546
0.2492042436184404,0.376887744288575,0.4210690825856779,0.7912122096003691,1.0391726411324844
0.23098237880588487,0.2525482083655955,0.4242176435826834,0.4619688211841305,1.795820189057565
0.20695736192834202,0.24880110717099027,0.5618162411138801,0.701808338290242,1.7836069506254086
0.24788387749933488,0.30562945289982124,0.47108716062008715,0.6872953003780949,0.5700182855576954
0.16017625394665658,0.1742241037686257,0.4782100432859191,0.7615032087649695,0.5769179311097844
0.39419146929536564,0.24759222478849968,0.5146554055325581,0.6533281700544149,0.799170069118523
0.21417959636348252,0.2721180994810012,0.505310447111003,0.6552558977570075,0.8696851270339847
0.11378794609701762,0.34938541001963896,0.41101107656298275,0.5145038054393817,0.8907580951929192
0.2597662000086877,0.3353478956015478,0.4885286699382818,0.9217933393129416,0.9850132229888146
0.2126152659481234,0.31002391031151294,0.35350601930482856,0.5586252823627954,0.678528747688325
0.17205298543864483,0.28550495890619376,0.40741715606832973,0.6542269856821818,0.8591971262371084
0.18935243024570014,0.20074929893222004,0.37599235260565983,0.6707494472024499,0.68800047715925
0.24779499416649137,0.21264388060677553,0.3995428712060274,0.6281991048338829,0.7436979906283698
0.24982745421568198,0.8839549237427785,0.43565583252443746,0.6251615791931178,0.8446477497214371
0.2048467150677136,0.3285668836875092,0.46167799828280576,0.5564728131745297,0.667908743716557
0.2124975994543569,0.5879765383655935,0.5415197580219235,0.38921243164147973,0.9099236297291645
0.23532127734139213,0.381040766923824,0.5875059194808663,0.6768686071443982,1.101685978899125
0.25922914988346685,0.3489679409671391,0.5221856930988678,0.7802834982608438,0.6895750069021056
0.6071763417081739,0.30342423095378335,0.9494287483799893,0.6916649267507925,0.7606957817732658
0.14118020467501724,0.22908893218261986,0.4078109965944356,0.6689049500183942,1.0020234336712468
0.21376733397646488,0.3487215576393303,0.9397304600206914,0.5786353209319995,0.6876309022418714
0.13449402196794166,0.3833722106297446,1.3465779825996866,0.6430754573853773,0.9873330242049738
0.13164426126448542,0.20284961772651156,0.41002081077305685,0.5286079132114844,0.9790000270064936
0.1436499006688014,0.2626551517584479,0.3948368808854985,0.5646960883898092,0.8239190857393434
0.17948285059013455,0.3588543967214723,0.5179625429473167,0.47111979412787053,0.5237329027712032
0.2388807943728808,0.3972105761541155,0.36023091024428167,0.7563350813993197,0.776292573660263
0.19325823397050185,0.24960991494340756,0.5041062730430479,0.8045786252554725,0.8710814563282885
0.24327728295162154,0.3206251693400831,0.3292822070569632,0.7168752114201669,0.9766557846650616
0.15089222135222166,0.2564438046283408,0.46687775687540634,0.6258301936678604,0.6329894139817239
0.1847066111967446,0.27210714160773986,0.40875557548284097,0.4280694148946748,1.0056618825570793
0.2200772746321983,0.28909519395951727,0.4807743395746045,0.6670912597297222,0.5531697125370727
0.18299773768411715,0.23591560593855154,0.4927235223890571,0.9367783315635854,0.9434637780448979
0.20177663564581672,0.34607307242770735,0.3432653734488262,0.6243794888596923,0.9501112072733275
0.19133707052325427,0.2847763985176729,0.39447315325990345,0.6379933204948228,0.8705602925923484
0.2169975017477314,0.39013138998614916,0.42181591000351065,0.8341511784812945,0.8997472119491553
0.2700908823182733,0.3210269808501597,0.43029503755525467,1.2484442898317312,0.825199354981375
0.2088617009392055,0.3476522007060958,0.46524749064111,0.39142569138507977,0.8435358572209923
0.27713620130745376,0.3153077014114035,1.0018685939185534,0.7024535708126428,0.7770485487958686
0.18983776775435537,0.3505012831042341,0.4218817560346687,1.1807896295589064,0.5866839619637289
0.2426427762888502,0.285512367686031,0.3961369418085728,0.5714468800715563,0.8715809742628936
0.2225127979027005,0.2078763022030226,0.5542323014080263,0.43892488904230387,0.9875843317051834
0.18745854627687195,0.23180200239201576,0.5675454918887274,0.6833672169085677,0.7507673996711414
0.15648464378766444,0.21583889285637298,0.6193214122851576,0.6114887314706846,0.9251143185412919
0.1541528376859379,0.155145709162614,0.353792972660271,0.6211581178584553,0.7485128505291773
0.21430592661336378,0.22795705752541506,0.4018510720597241,0.6689191053890688,0.759369151856427
0.18679509534695476,0.36058535400619524,0.4813986237361647,0.7042207606953591,0.4319697686966519
0.22160784064721875,0.3351368914501671,0.5438721144781178,0.5591848547287881,0.7437296188410244
0.697716820670543,0.23707930841650243,0.5358887451012061,0.5602890820184191,0.7819017869615489
0.22056344722910096,0.275268294761519,0.5250627901477325,0.7248420240968664,0.7566131006832421
0.22080430231387177,0.2803603853010065,0.3928471796316752,1.755658928355335,0.8841676615473154
0.13800759313178543,0.2805105304601744,0.570251781095161,0.4806481413617633,0.8271765330122389
0.16609400570847643,0.3188789947345473,0.5421681484639951,0.6887875091503511,0.9495908684904397
0.17392601050732331,0.7507770420489672,0.543310292710999,0.535963050801244,0.9616318331368441
0.23192722144463884,0.33603483817771096,0.5071259920120345,0.6646373391820284,0.696997518042493
0.1698916023117762,0.3685756251989235,0.3380954655364223,0.4919398551135727,1.2432284199431545
0.22276987602165443,0.24905936041017324,0.9512626796067846,0.7808523945673707,0.6860711850038359
0.17401426448728138,0.3183124422614338,0.3537002395427712,0.555320404245312,0.8840026343837981
0.21935141936527494,0.31563565011068945,0.4709434517488492,0.5382051622009357,0.867367845228688
0.23826914910083286,0.40281983375442665,0.45239532840477,0.4592873025977145,0.7304705918292637
0.26354102795753925,0.1888469881002301,0.4156658100688508,0.5221379413395926,0.834973795584434
0.17523795931671096,0.24062367946709667,0.8051749396983354,0.41736028396971725,0.526727791706089
0.23059162860682414,0.32345504228240984,0.4596766271777878,0.5690190247178436,0.9100517535500443
0.25794708619891404,0.30329780725625133,0.49402270060588194,0.6589313200404686,1.573262672361312
0.23655702262091277,0.36470774346405355,0.3082049871125281,0.7239113812367766,0.6941929100192842
0.22513048750789041,0.3067640177724963,0.614192197332067,0.6891434399242742,0.7069589703308532
0.1445524455723175,0.2815079424451136,0.6033117847461035,0.6381947679843822,0.9779733910859223
0.20145563521721163,0.23922914255591723,0.49796769058685303,0.7343109943464488,0.7898324197339939
0.126219529699677,0.3150260404821623,0.37624896210016484,0.601902820807787,0.8084484348334572
0.16850932752916978,0.30740733353638255,0.3651822717396928,1.0376751240114332,0.9797023907743977
0.1604254812996283,0.35110971069825286,0.5276873733088732,0.7358868940929105,0.8474365670567963
0.1806040390409001,0.37780466623285386,0.5796868843874299,0.771794114329862,0.6925026171902451
0.20740532798884284,0.31925606519302313,1.3213838957838702,0.590218868018731,0.8981398850327651
0.16253645137600123,0.2504221931334903,1.07851875318549,0.648519213831035,0.8817768839469179
0.22043711620233142,0.23235964892045874,0.5131546460296007,0.8777704351936517,0.931017785694375
0.1641077499109123,0.23175081440504675,0.5500980204052208,0.5751324619270509,0.8311276967074185
0.20082270919056813,0.9493549889445788,0.39979580704393675,0.6574880378133774,0.8519481013446726
0.1977393113132671,0.2815660206217624,0.49378300538345826,0.627253602526234,0.6043416352444881
0.18547378013387553,0.3225012584151423,0.3808170830253918,0.4859093092467673,1.0085895021346298
0.16826386710235017,0.47569941681600036,0.40406891817998797,0.5948809188507669,0.7660525084288833
0.18468051972757937,0.17669783493041125,0.4155106626020278,0.41899420060414905,0.6604808900738695
0.21384071430933305,0.3173930795176973,0.557858292444637,0.6577850284124708,0.9159458259614389
0.1989767840557343,0.2406124302718396,0.372610320287709,0.6447483815769041,0.7613672515272486
0.15025939549545764,0.3566093898177905,0.44977299935286086,0.4721573313120978,0.7223022947775031
0.13695858630335522,0.27756701885108376,0.520373206706658,0.5879572042179972,1.0390295245886616
0.20718619481333428,0.22907009950674745,0.3976913971764088,0.45612957028775847,0.9251931049040125
0.20282807510249104,0.31473941871677186,0.3925848302456684,0.6918281007290726,0.7508048152631813
0.18496739287125805,0.2744012866406247,0.4593361231408616,0.9134604153906505,0.5985224715383494
0.18900713717852544,0.3370328366604578,0.5241042551949047,0.7332965162459748,0.6515828279410978
0.2344479109487779,0.6106061546076351,0.5615279408172695,0.6751526975701895,0.819266716627469
0.23280826081490819,0.23235957186212713,0.3731116151946616,0.5433715812081187,0.7703713839732074
0.16681350142025084,0.26703979799053035,0.536833010230617,0.7401430733253909,0.9234851342550953
0.4596233643156162,0.355580890027547,0.49908683298669004,0.4570624217490702,0.756062961598556
0.2365251350662414,0.2513396904449191,0.35450061725777277,0.4076778494543304,0.9834403272222866
0.14082744508946943,0.34284437876071255,0.4622525901912838,0.7262724138034777,0.9037692127738005
0.21844246560975772,0.5178482924140194,0.46457830687441193,0.5328115284711944,0.7686531863968303
0.1418343645512844,0.3537097765773527,0.43892589947409744,0.653727581246738,0.7165080434598612
0.18903880301391446,0.31257297808617324,0.4799510477464923,0.5812780526970387,0.9296366397121327
0.26233988181476653,0.2328173829146013,0.37216934488393943,0.6010148854964136,0.9515522069452358
0.21955371439370266,0.26406041864068025,0.46436691508584677,0.6738765069438601,1.4478072678453366
0.16421534741004304,0.25435664280964987,0.7783027824976418,0.890995192414358,1.0205665980087903
0.2675713610049437,0.3376765668107039,0.30050434163004014,0.6543500300402013,2.1992001313979306
0.2650691971379979,0.41301907144056904,0.40814483750365504,0.759066647333172,0.8122392652036573
0.1618569128852612,0.31448723005814067,0.6097581857359011,0.6112219948988524,0.9113554591281071
0.2152043265722836,0.22919704827977044,0.39738467079959616,0.5666140041218432,0.6597524144689028
0.21735816756836882,0.7586497631359109,0.4900654011168832,0.689509835484796,1.0301392819335848
0.19639622129056705,0.26417992289356274,0.40378837674276824,0.7260753013230736,0.7488921329022094
0.16459692007247925,0.29754351380342403,0.46781783003969607,0.681321935707369,0.7124121106166716
0.1800449329500815,0.3418018497202139,0.41762883955077423,0.652472118172485,0.937753162648031
0.2440396744937637,0.2947427198085512,0.32834324306272195,1.439748621183412,0.8672274033122869
0.14702584367621815,0.24520999467979984,0.5155371363934889,0.656839889379702,0.7231518845675668
0.13353613375835965,0.2502874014302144,0.45001370958342163,0.5654365677828413,0.9214346394330021
0.165190188345285,0.1804391724920319,0.4030267314280244,0.5246050187962794,0.5366472884165234
0.19483187581254305,0.29910800098985135,0.4277062813312068,0.5782953698511965,0.9698577557977875
0.17572829673496676,0.3139808372485253,0.4705949359767451,0.45687435344641647,0.9739011519575163
0.24271143943482093,0.2850614443555825,0.6112321825098642,0.628699608050708,0.9241687568625758
0.256166117384763,0.27313833005244437,0.9100858707994252,0.7249477335739654,1.0368364206036869
0.1481613193341239,0.26107812662680135,0.41420299921675785,0.5815754899443287,0.965013881960569
0.1879414815692582,0.2747774769387461,0.48054072304433915,0.39711892402740023,0.9686584852966732
0.25769396674366984,0.2294332936732611,0.4612147439273468,0.47868279259628177,2.620283039794114
0.19498281331587633,0.4472877534830745,0.3953627118639841,0.6448190690863074,0.8271484833484626
0.288380551121914,0.34857834038760227,0.46577658274669603,0.653045461008946,0.9888195386545134
0.29485550600600263,0.3282733567686521,0.5372749774443745,0.7417136866914148,0.9488313512842633
0.20147183304856772,0.31980257885156943,0.8039670862321698,0.740304725902245,0.7380220597395853
0.2189651508249399,0.34689766116695736,0.45945049792370884,0.7239479568032234,0.7426916978220202
0.17790230538331414,0.29184354938966806,0.40383966538464006,0.6166489654578425,0.6310240984294384
0.13899579591248634,0.37516173750099496,0.49430545516246466,0.5573837883628521,0.8970956758358193
0.17791808350612434,0.22273604058222934,1.1798207263540277,0.42666209306995495,0.6716565441370633
0.22939553768868035,0.1839613411792862,0.4883055980808743,0.5014452255558186,0.8644495448316003
0.23349812805100542,0.3260811552341062,1.1343863307135724,0.5445455396298505,0.9829000325243268
0.16218395678407463,0.25660868797312153,0.4694769145714999,0.47573161618360316,0.8392730438837854
0.18774658534997082,0.29623437087409277,0.5376107090200182,0.5966995979465742,0.6970708565016778
0.16682208504855486,0.2025252055873738,0.3940379380546132,1.8370052142046713,0.8455852723211988
0.2054324612820494,0.3530167073374727,1.4002338309629057,0.6738115658732075,0.973217650699849
0.16643198132120612,0.2801956217386099,0.3958859657515614,0.46851202106427137,0.8159169856415553
0.24329717299822673,0.39146379869649295,0.4268073921558395,0.8465893828603691,0.9592193612650642
0.15230186393478873,0.28796605493321714,0.46704166255220647,0.5454650075799871,0.8302395946084636
0.28426690128944004,0.2865161128290332,0.5673478964019568,0.7068959539774944,0.5678952752571585
0.16332591445954858,0.21687421488599268,0.4708381895214644,0.5503631477279501,0.6027123246836471
0.24867141356299405,0.33193407836275624,0.408068252607473,0.3174861389305669,1.746354033544893
0.13630222959601235,0.6018039429459958,0.5333305012808803,0.5764191490195072,0.7885768292560336
0.19149711395126806,0.3630942290167845,0.38486667258741625,0.6212460796899627,0.7233190943110749
0.26369203251164997,0.4092694770496619,0.47208535892315945,0.6489150578148268,1.0359080330770862
0.24093077417141978,0.35790593086067596,0.5293450090106625,0.5525244242359404,2.2301551721190433
0.19042924331842265,0.1383354475326468,0.4258314168014341,0.6726400199377693,0.7559326237337423
0.24996862545836718,0.42989847200835085,0.3399274979556135,0.6682583122204818,2.4430257392566497
0.1872296102578757,0.21067334648828878,0.389015548060715,0.627544992925875,0.7959727980406123
0.17469153821522226,0.20164587877864865,0.3973366759163816,0.5544010568660344,1.950813579520491
0.17892596392431193,0.9207877142078243,0.9467164259576338,1.6767679691018906,0.932675884336178
0.2543265360280002,0.2915802648801686,0.4107281971912423,0.6395276809923744,0.9152712564948717
0.1515846967208393,0.25608806979875437,0.5193318377345748,0.42963676555217617,0.84621362240041
0.17887846675385705,0.3247987468854058,1.0987349948499059,0.5433057723008304,1.0451604976265527
0.16794091361489966,0.3825689326445638,0.5525281903630389,1.3994759862954036,0.7525172762503415
0.15734757216518852,0.30331439673457194,0.3994263280654238,1.5946767018275627,1.2629965583310336
0.2631044488142871,0.31093028247272364,0.43948967056852256,0.5437023702468311,1.0862033367997874
0.18799791442891212,0.26017257964638885,0.5284818434586451,0.553043965406193,2.0799501177753106
0.1794251560191289,0.19077391382287132,0.4615775637545342,0.8054320066110779,0.6197532448482327
0.1908233106008074,0.6942694701323329,0.44452286523363765,0.6883076298257473,0.9927060234393896
0.2423228244973425,0.26320288199818853,0.3549989782260635,0.31727126847937426,0.7223622202662505
0.2702179733805035,0.4260799295901594,0.4764130131484604,0.4983591573954627,0.9561254303702336
0.21094770081623654,0.28954162842971354,0.9934279115787723,0.42735968877596076,0.7833884832435761
0.21745363689755448,0.35501144919738553,0.600775268281309,0.6509118683177586,0.8862063472959323
0.11132902771799853,0.295603586957177,0.38938176090616194,0.599284417636075,0.8353078013355698
0.23890915288658718,0.24059542907965226,0.37314225594610256,0.5939594376083087,0.7907635034828447
0.13822760616718063,0.4257918995945632,0.4780648530562627,0.7385644035855652,1.0129107027369812
0.23455769930263934,0.3759406218115137,0.3944518391356262,0.5964681364550899,0.6946999171815426
0.15315964993811065,0.3189825717951614,0.5511959335002641,0.5974431118944783,0.8755170495404065
0.17157473940526802,0.2600407662938345,0.4813117813756346,0.5807675282576102,0.8045577950824894
0.21951149521320354,0.19543616316128942,0.42075061793347746,0.3889508602363586,0.7337403284636391
0.15176450789043353,0.254078874045898,0.32016762727835535,0.44337703888588686,0.7895114212197837
0.23907889339341032,0.2959872034530093,0.3778424076916847,1.309403764630168,0.8997663431178428
0.20703868168173042,0.385159284915497,0.4356592944464257,0.607422798978945,0.7634354892569805
0.11884044018089286,0.2923129309929552,0.48362762317354435,0.6881952121205585,0.5952265390473487
0.15541655637127116,0.28161202659656603,0.5099119338678301,0.5897993549364078,0.7022077334023592
0.1718477641831618,0.3610090385080586,0.378245229078142,0.38279028701205003,0.7022146504052746
0.13834287237906395,0.28201493741699524,0.5228032007106401,0.4311694790979469,0.7217890766755504
0.22373221312578445,0.29136374196411247,0.39112401719557044,0.5671240652114959,0.7433217132508612
0.26031538678350635,0.30864519242312355,0.5987202923870223,0.7166581696016103,0.9945864546149015
0.17179116354091611,0.22389159892173402,0.4999465411669786,0.6184562010588852,1.801303540518275
0.4221373838618368,0.2921023155739185,0.5164854114327736,0.5535541294885967,0.9774186768001449
0.46846147515246983,0.350967278765656,0.46034746165249485,1.6780618252679422,1.708809892629834
0.20397396235627216,0.27034561311499394,0.35273083333426836,0.7763693075161334,0.6057745593073715
0.19858644137127945,0.33309425066939546,0.4909186915600257,0.6059415371551424,2.0419919031243583
0.2050740380039082,0.9873889436453329,0.4573005097323831,0.8312568185791886,0.9984601874974232
0.19210234790697023,0.429135609778939,0.4056287671402188,0.4690211372910825,0.8036708046800084
0.12011657860505537,0.4128899565553472,0.5634994082103938,0.5919743710428212,0.7304376582616131
0.31288664251661924,0.3500228517480268,0.3727829212651394,0.7053393537077959,1.3180498927985143
0.24239173383668428,0.16045748228034767,0.6035898854460596,0.7489865377167986,0.6984932413520869
0.22089684185304678,0.3492088317468065,0.4177913698059836,0.4704636488653223,0.7868930710210671
0.18573050723301154,0.3078412958125442,0.5565947170172453,0.6943000726171896,0.9187805612807651
