node_5,node_10,node_25,node_50,node_100
0.15305649007159677,0.1976548751144665,0.3172046364685089,0.39359977978902005,0.5899413626176843
0.11449548042223529,0.2756982427437532,0.3697360168098688,0.4329584338740489,0.47315917565646204
0.11331981470729183,0.17133123999236355,0.23972405022530022,0.4556635727659437,1.7536744033268692
0.13546483212181912,0.22297544704663064,0.2774567152108386,0.5620777508455983,0.6471524895995616
0.1515859300847563,0.13875591697483572,0.29262139350278565,0.547227423052774,0.5942359335792285
0.17471014847640273,0.20332249200537866,0.3768179201150682,0.6609598323264745,0.6744408960466443
0.19323737611799094,0.19003419124433943,0.3381025464732103,0.4181915898985928,0.8008474608403482
0.14162947615380245,0.28793529696504644,0.33899103263875435,0.446333473082774,0.6153447617056833
0.16712037848069605,0.21631508769211522,0.4362895689436622,0.5135638538431815,0.6710946298016064
0.16423736792123816,0.22505956133379454,0.3565975639181346,0.6096694293192424,0.9618599026645858
0.18249773378644368,0.1584150540724366,0.42916569989814385,0.4231632874567126,0.5377112615605263
0.1407370914214787,0.23291669136452486,0.38645758914537964,0.5133863206471723,2.1307781377371384
0.1193828579339921,0.19662682496715905,0.41264324401403285,0.5196709332282169,0.612090739675951
0.1339506915793282,0.21558616020147953,0.3347522099117497,0.6558745380357229,0.6839032049662904
0.17284089654766419,0.23522765632510076,0.30698844315834917,1.389875402641975,0.8961844194411789
0.15938877698480422,0.14930511083758952,0.38060457311517176,0.7632721350251849,0.5605508186933941
0.14767595824817467,0.20471320098572482,0.3317211024804893,0.5777600155175008,0.9346036044299055
0.11491077013158597,0.20607637644534077,0.32201984097457087,0.5630502935812574,0.6447528994740126
0.1817523128039454,0.16809556424367322,0.34182788181664286,0.6231364380848478,0.657269794399973
0.1560725907442877,0.21220565491922225,0.39858712757188147,0.5320095467405598,0.7941641185963507
0.07527467453373489,0.16119516112033763,0.33424132106479065,0.4789245064641649,1.8928337494257288
0.14273464031204633,0.2028226675558006,0.6678829748321256,0.4877541887186986,0.7162879242140278
0.1749019351766268,0.2567614678429045,0.2174300033194978,0.6053658311588602,0.581627706805026
0.20339353794829107,0.12879424413753016,0.3855317237313893,0.6453068435346399,1.3183300764403052
0.1248362222788793,0.5424455288996685,0.36385874108578375,0.48195602849058133,0.46593860421390293
0.15350600733027253,0.14162506803764635,0.3364185274355528,0.4030106318854284,0.7461962379398206
0.08137840912973676,0.1326340737454042,0.3216811224922869,0.6113612241919518,0.630424034403858
0.2205868774042245,0.23183394031283205,0.32642711242267736,0.5465726636948923,0.680827012853012
0.14897454923335693,0.1820237643179703,0.5031972579276405,1.1860197990013925,0.9649954672864232
0.13351025025947377,0.17804112892049195,0.42337220817765914,0.47785995219869704,0.4113934502035506
0.15577336451347867,0.23426582684012776,0.42258888253811977,0.458687936984937,0.5621644199329159
0.13770008313287468,0.19066248696211222,0.35380333943249437,0.4960424955782688,0.7181432077300683
0.1335096662373603,0.22958058119183697,0.2489650275844787,0.5664951616622116,0.6331047986830883
0.10463913481725398,0.4909466786330544,0.3357614501007033,0.462347604300833,0.8328972806823017
0.13293758525588847,0.1994952946708267,0.3561163414802513,0.2899432816386949,2.0834815510052858
0.1630514349572721,0.5818270995097512,0.3577668608603284,0.6284546645165754,1.7123989710800214
0.08393457661465689,0.26058453426940914,0.2574220134510164,0.41209337581415506,0.7135526588374842
0.14837365234046396,0.11921773633542097,0.30855178799158706,0.5980914316376004,0.8370805450759924
0.1880939877549546,0.19957878311316216,0.3278143367183192,0.4392948099040894,0.8343916572763963
0.1653090808503838,0.16112744353484576,0.440149752368062,0.6480497605295187,0.7991605339709786
0.16443608937186854,0.513767863958934,0.5045320337124602,0.40655324754378575,0.6230238572127902
0.15153564524803498,0.15288492676703283,0.3250608449366769,0.4242830905178362,0.7942666329371976
0.14154358812265028,0.18136057691727803,0.3755369181185962,0.330804333788602,0.7427695990556087
0.226336326896837,0.21858698052615255,0.3474277094331319,0.3845591738470515,0.9107981691933507
0.17400640887943153,0.15816631085519506,0.35175290421788874,0.2814253168080764,0.7935049795334254
0.12198233505437893,0.2016568977315196,0.31208834705421423,0.45444142147433403,0.858943930792829
0.16757552397776523,0.1864459021290547,0.4426972535430285,0.4867350352527933,0.8773450659654763
0.12616663031713032,0.20762545928980183,0.4268478494512081,0.4587948074652483,0.6195316618137741
0.14131306019547143,0.22703267274730443,0.3322329844571966,0.5510030699739805,0.6454631119942901
0.11457273330837472,0.19835669480712279,0.36320317991366274,0.34393677842662584,0.7847258446207983
0.1267682368800026,0.26799237543263416,0.3434911561472309,0.4804048030412432,0.5753353328103027
0.1421391258187615,0.21507136763297552,0.3959625783672422,0.5451111572383113,0.7983803346906456
0.18429087305789743,0.28227150903705067,0.32384686016893716,0.4086037856711951,0.6817295576043526
0.1854783103800628,0.21327376314264043,0.3673964882331368,0.47832816896128094,0.8011512126492107
0.20419971572951076,0.22458424362167076,0.34078547512607416,0.5770141335105896,1.0542409183647692
0.16274779053500438,0.13949943188579209,0.5225568834597695,0.6367210294389738,0.5991598841630479
0.12367551548004913,0.2313149577064681,0.35832487784024997,0.5022467873481906,0.6877491003098064
0.118966418937175,0.2200024507214735,0.35824027893751637,0.4611538036674106,0.9440879575554595
0.1542582819481915,0.14961331400759292,0.22784639698615725,0.5010773347119146,0.7963742632216472
0.18470463728242575,0.20001480234677071,0.4280425431533009,0.5244782445842278,0.49328884839133746
0.1400891992356119,0.23693529237486272,0.30636064569308025,0.5271605330573144,0.5487195611476197
0.1448763973701633,0.2134050823283606,0.3340552083860685,1.2614318181520927,0.7399616782401898
0.2303396114324569,0.6529858956871478,0.4315681040327687,0.523105739148313,0.5176759089106772
0.10347520199636734,0.17560685642727628,0.25296145034615863,0.36871104120009557,0.8116116742669465
0.12959714226891056,0.19775184854993294,0.38624890530077904,0.5038831657982459,0.7765729280268003
0.2028510022098598,0.1393096154009563,0.35291186411600267,0.5059877970754879,0.7077113036906335
0.14494724771098072,0.15335400367978813,0.36365484721938407,0.5226505945588008,0.7732048101527942
0.22705811764946418,0.20687719180136083,0.32550609844425366,0.502432750777773,0.7514914222072607
0.1723849306241236,0.21301690938432138,0.2566854664949094,0.569188501957156,0.6032981439078248
0.1431341984771515,0.17648816059233563,0.3053690461865114,0.6333954739164754,0.8246352922384705
0.1849847492272689,0.174571057142461,0.3646679388508932,0.5445189511373342,0.7341781099116528
0.16105731221548975,0.17230627232243031,0.8293339156694681,0.5988324812570898,1.48720536669625
0.12729825880417012,0.19820789666779276,0.392818836104548,1.098182478398194,0.6639354644283483
0.14312889730464567,0.23022355876199754,0.32220210003520433,0.5207084019187499,0.7527838628849189
0.15736854340463408,0.22331127795292754,0.3084935185613891,0.4149354873612793,0.9798720329444257
0.16282143546269257,0.16723054289687617,0.3579054139400317,0.5257848261684488,1.3266230786532875
0.11695782057891975,0.1615390601243224,0.30725275695016074,0.527495855900153,0.8447789337266145
0.09823533596468333,0.21998789822728243,0.3856535517721871,0.48620479339886,0.7957644481212747
0.1099393478506193,0.16163486325541948,0.5513171589274951,0.504700556727573,0.582208349801066
0.11470622076251755,0.20710638918731494,0.3646406554556471,0.6025607180045006,0.7388744140123789
0.16461646155483536,0.2118763047162277,0.2610119969374509,0.5980661853879345,1.3250949877019473
0.1734351065414694,0.15578568807368282,0.32354683705464204,0.6341931012897968,0.8309861913586272
0.1320554998905618,0.24636676026771864,0.3153416047948665,0.5203361616442062,0.785512718985525
0.08962397893841521,0.23787126822938198,0.30142585164545416,0.3890903114326112,0.8748592502784034
0.172045612892574,0.2260164556997459,0.34405003809061785,0.4775712300548853,0.645240341018091
0.13738319180820704,0.259556324172513,0.4060060767875237,0.6655184167828543,0.7557875860151507
0.15216169246055944,0.21887956453970056,0.416940400631194,0.5261918360159106,0.5822058898768635
0.14437567977065924,0.25388094015816665,0.2625644924101763,0.589131022649868,1.2155391928061707
0.15130638384513606,0.15345086454264792,0.3563659182173929,0.41531217127527664,0.7962768574679083
0.20918908562758426,0.21477790612403155,0.3930467902298565,0.5968961806834795,1.4356116373246135
0.19162683193879934,0.23974912032507065,0.43811918702535635,0.45606719637622384,0.7621292356479441
0.14545086106866137,0.12426925942897735,0.298668901500783,0.9305195778954638,1.2094731408807167
0.18212023494883706,0.1889265934049711,0.3389056193551728,1.0584979022665653,0.6877282023336027
0.13221732940330885,0.19454481838056903,0.3732752885539098,0.6225970085258876,0.7133985449021899
0.17329079349571125,0.20716523273377183,0.35341044145277567,0.5472070087454676,0.7916043329221794
0.16994535670990205,0.20563135992132414,0.2280671358398942,1.0198961842737744,0.8421560996757196
0.1410386758561991,0.23242586320029154,0.4667530397068215,0.6075789680741247,0.8207756043538048
0.13994417298363607,0.17693927628298803,0.37419297519296163,0.43644112978946964,0.6852141298055544
0.181432145515878,0.1796572578408604,0.29553300393437787,0.4624368748347525,0.8144329108180021
0.17740764303039216,0.1670855367158852,0.4103668720481639,0.5588799625341517,0.9512973202937745
0.09078907509810859,0.268895202073393,0.40322236655086857,0.4533782952609607,1.3672359336725588
0.20081733213866135,0.23210241073066898,0.31766924139290315,0.459930360307345,1.048086155775033
0.19341107080837217,0.1406523236757217,0.4150279041522079,0.3786001431086009,1.3656253190689291
0.15412782362871913,0.21383220358986463,0.46008655427863554,0.49602714213884297,0.693522616994287
0.09418811225566812,0.14251871038750108,0.31301481297312644,0.6319106226221736,0.6215236898498748
0.1682492508335156,0.18086548468008928,0.39626088679948657,0.5148313698546868,1.0062994989976013
0.12988252648859255,0.2728839392110648,0.3918784744328929,0.4328188666972649,0.6809529259864712
0.09924262229476023,0.22665171580288418,0.47533289673641743,0.3493261303193304,0.8500937629752094
0.1553420608002434,0.18189922768211583,0.37425781821427767,0.5437098549140269,0.7130154907236054
0.10597914870916364,0.12805351383744895,0.35171994039165616,0.4402354605988762,0.982920005394567
0.11685457006467498,0.2230762685065696,0.4162331856872509,0.4745647797314491,0.6053938718769671
0.13295421164332444,0.192376992110846,0.3038499007290542,0.5993612631182746,0.8216382500684889
0.14974875771649968,0.1661827057659418,0.28059692537327496,0.4996375388099983,0.768065742429706
0.17665315469993498,0.20376610773542728,0.3046272707528209,0.5024069413077591,0.6890082473362711
0.174177987544552,0.1790970270368104,0.31026152743941254,0.5075020454128064,0.6009599557424179
0.19955219483212722,0.25716656544380556,0.25317759933955397,0.5516178303444926,0.721500504362576
0.20364348621337433,0.21592152745509996,0.3045576358471425,0.29789648020313986,0.7160959729735328
0.1300007597708749,0.2012539364377441,0.33027971739713335,0.4732847580979102,0.7101236545793624
0.2012143737626048,0.3129437301049809,0.2423677817094478,0.3632181756193453,0.730255503739556
0.10276878023550624,0.26919866976085083,0.4623278011561952,0.5048817390519043,0.7726621451857615
0.08309411272415843,0.17790806727202035,0.2908158672019421,0.5290863516521476,0.7502598974688913
0.15319499860977578,0.1567007098274421,0.35217107559625344,0.48155494835464113,0.7038964238686535
0.13580848502176984,0.1970532440996956,0.8107685913993359,0.3803623936823909,0.8488967650365891
0.12566744027005625,0.21136996042520975,0.32772854709386573,0.5254842113087466,0.7151715542171586
0.1496977797167986,0.2886713205612221,0.3020665427522289,0.5701079966582256,0.8415511331145507
0.21002172164576427,0.17342434447896013,0.3539679825578458,0.4017900445366822,1.0417888428860886
0.17380936460716895,0.17990573770806137,0.39515615701386786,0.6057976753360508,0.6898285632294942
0.1470089555286416,0.22801729685180733,0.21641989449972457,0.4975219332102132,0.6898908821370957
0.1255915479257523,0.20310586119251273,0.38706172045858667,0.543957782017145,0.7884575330959909
0.10997119477850953,0.167566806051157,0.29732335273808796,0.4361424025128494,0.7303176121250928
0.11187191230507113,0.26217245279120405,0.33624502173259646,0.5124403898177334,0.7492471872714346
0.17247656328306918,0.19534938299860594,0.4477691230072616,0.5366919615471756,1.3884478283910078
0.17712568951166735,0.17109862827242878,0.34577941540875207,0.4451656952484138,0.5846603666191031
0.15395199546899202,0.19351604571719466,0.46442755119656476,0.5327781380446591,0.6547819031473416
0.2279125136804518,0.22168809561841232,0.3829041223212966,0.5423058762733259,0.6462407670658273
0.17481624718769712,0.17911634444460517,0.3512836337010118,0.6071578783082103,0.7496656709366025
0.133704250256478,0.16495705559565338,0.7774796110739616,0.487746558288639,0.6939025515496557
0.12707916955970777,0.2153197590160842,0.442362423415918,0.5399348550777622,0.9004817908299836
0.19253882671144965,0.21447771477109556,0.331845162974057,0.5274287048053916,0.53938185646208
0.13214752850670447,0.23290009676200402,0.2990708366978785,0.4918480098079781,0.8806097749940225
0.20461631296768154,0.17014256711955772,0.46781855414023876,0.4375127896583564,2.023012012168004
0.18088350161788155,0.1775607493004606,0.33326361746965216,0.40181938167194353,0.794363741137182
0.18116401792476874,0.2104714203931419,0.3103022433029936,0.4433045375882904,0.6713030816446371
0.14576771699498134,0.21692084057596756,0.30362229912174565,0.34808120154151556,0.6794427621885506
0.1312064064845928,0.15964519696046292,0.6647420718255981,0.5095012917179604,0.7571360860309085
0.12757908016022176,0.14296710951946084,0.2625293195188755,0.648348554905681,0.6045429645113879
0.14436168887366785,0.19065106848084498,0.32800340088885477,0.42033418515069143,0.8547964288990588
0.18016932979067335,0.13313170496344232,0.30260648210016117,0.4752859078988597,0.7460634088080164
0.1606413175026569,0.22877661746432074,0.43809600563859374,0.5486216024033819,0.8751810153469619
0.17017847451531012,0.41601833632832874,0.27685794881033243,0.5061728246549436,1.0059950920773855
0.19852684503353862,0.22702212508709294,0.2988473147108987,1.7075950424612851,0.682082246072679
0.1944286225168686,0.2237203807277597,0.22500978548853737,0.4785372047903713,0.7034028219779097
0.1312909959992373,0.21644986368323843,0.3067960140253405,0.6638851097804161,1.4043675108360558
0.15513755786156058,0.2582963469365518,0.38270859277315583,0.4888398902007783,0.7748802758177261
0.1793290128136704,0.23562349395165594,0.33122836022295343,0.5395951773944302,0.8495374693080431
0.19179479711276382,0.20861273918953427,0.9350292052458306,0.3166855469183645,0.49998005859249395
0.1462707084458092,0.2334765122099673,0.47707835741237764,0.48556537161488406,0.7271507856031211
0.14868156104385064,0.14468855872203457,0.40934842357012013,0.5725922540701427,0.7370576802535684
0.13718102671173252,0.15819710054458874,0.31930048860425997,0.46358813639785124,0.8633100461780765
0.14512038106691585,0.21088756509333195,0.33929757680664724,0.5574717788469254,0.5328029156509395
0.17430627026516674,0.21697269453216533,0.2981930192844014,0.7884900398187341,0.6237868950173509
0.19209664966248904,0.25096792179749666,0.45970701472037623,0.539662444417221,0.8346300008080758
0.2028010771066216,0.29086427025716394,0.32459208711564025,0.49651454397297573,0.8081806531807519
0.12426581462663047,0.14587466013769942,0.4390107070008482,0.5919041654045526,0.6199056756399711
0.18320545121962176,0.21694785157264362,0.3425358550050071,0.3668801067636272,0.6968552190500108
0.3212994397683695,0.12171651069761749,0.3290226179206569,0.4767379463723103,0.722315575846497
0.2121429624280461,0.19754806419118692,0.728280776729278,0.3181266669637485,0.7687609888843473
0.1306230125605883,0.17398990363911992,0.48543081747010597,0.615838394196703,0.6666962335712592
0.16119007820341955,0.23205748014960742,0.26400068277154537,0.37771479521941537,1.2252374274011024
0.17532560224123628,0.14669375363919857,0.24266011448334013,0.5013638677166385,0.6448928981216495
0.18979127183877076,0.13457769403867859,0.3266092663481096,0.4776196480084447,0.5446971133218377
0.14939230913730245,0.21653677814819042,0.25360258476446107,0.4573213248345832,0.5667709826187974
0.1206369445353917,0.22117775918789065,0.40552394489016025,0.48628275958816536,0.8514789644774033
0.11864011265526067,0.2693874455951851,0.3003346272641686,0.46679610302119023,0.7293764290098937
0.12847484156886763,0.1819683897303776,0.4238075244980685,0.6851270038955571,0.6618774138479704
0.20057828037879957,0.15434316683264085,0.5547306065794713,0.6151919713562588,0.6123197794766339
0.1386150388689496,0.20613228819471568,0.36111520741431274,0.40303358626493657,0.5226841456992959
0.13811734077289944,0.15627098397951097,0.3660698668626661,0.5238036364631623,0.8144488067175325
0.1989456012637493,0.22394521405634998,0.3647354131190879,0.9002438501215068,0.8710931084848054
0.11142656557259265,0.26551635898377857,0.27508119505434625,0.540855472793508,0.5863444991904476
0.2518003373994891,0.24864830853141262,0.2870111725456073,0.4799635949420497,0.7240592243666358
0.15984496031253026,0.1401845335948997,0.3605129241914555,0.4869550226441532,0.6852992429962452
0.13573301981673963,0.21372201522570392,0.4026576801295926,0.5668062984568519,0.7732456100622591
0.1305471468527375,0.19534897825388373,0.39769572496733746,0.6049001848352843,0.579543306304118
0.1819526791997429,0.20607963016232556,0.4030327145999587,0.536724178091617,0.818219662725483
0.14367581275242106,0.19941146638679647,0.33108668303530464,0.5064906729545066,0.42915382615242403
0.11439306268626354,0.22182319178888643,0.3534032533388975,0.4172340130671809,0.8154885334924167
0.13673222563941528,0.17601863903039938,0.41678386028213793,0.5790989258079086,0.6213744572593719
0.17191427667745351,0.2039826366583513,0.2796716232291217,0.49280734113305213,1.7380211450239136
0.1651290493916798,0.20791798660911193,0.3595270348680049,0.41722830103728054,0.7995445429848104
0.10713704822757752,0.2005547422978691,0.46065806630480804,0.4460116594507152,0.6687046166058983
0.14926032265962022,0.12632579766879826,0.3890932955475489,0.47732374665740146,0.782981874495233
0.208657552729325,0.1469819510161267,0.35260437629032343,0.5406029600101029,1.0816929509230775
0.16816872577736416,0.19512425518835763,0.2567267825618514,0.4445088653956873,0.4882012843021558
0.1535763360734753,0.20908679622250148,0.3171508474123731,0.4967349101131623,0.8152928297771489
0.1428030587235596,0.1530485671266312,0.22901174106285843,0.43003566868929743,1.3879410972879673
0.14745220255158933,0.18947936333307958,0.2879870883110687,0.46423959424704886,0.6605920203951009
0.17966287373969086,0.2704544589009291,0.36060708797571106,0.3718812454887785,0.6512647377551285
0.14965635335433228,0.14619443755471634,0.31909157518898323,1.2061170359364364,0.7736387874465985
0.18253119543719482,0.16457751478745924,0.374551351318935,0.5410769693390776,0.5963959161488618
0.13649730772473714,0.20893951978195974,0.4496861811857691,0.47569580436130005,0.6017796528404058
0.10895502213816935,0.2689712085937893,0.3498658812141998,0.4491914901571036,0.41780943261102743
0.1468584666596594,0.22302336701947886,0.25769829667917143,1.0876427618747444,0.5624599828471493
0.16023792733066838,0.20283361873827196,0.37973010807230645,0.9640615741786522,0.7292302902876825
0.19111789379131755,0.19817254347582494,0.8762901856886672,0.46939626063448814,2.086069440525528
0.14756826130145637,0.18452918116407158,0.3378739987730057,0.5620615909563645,2.0950682200829474
0.17369335850151635,0.17168110319963945,0.41404703664774156,0.3527542947458272,0.8052797084052389
0.149610995622846,0.2196126335784898,0.38666141235600104,0.38047279981945936,0.7626290677491584
0.132435223951924,0.20009713612799804,0.3169940914531784,0.47151019957431217,0.6728973371662276
0.13974123107391506,0.18095818016061288,0.37594962172278784,0.49205115916532927,0.7778066757734817
0.15239225767645934,0.1762296903037399,0.3710766272581845,0.4410547179198607,0.5957437290263374
0.15405838911953024,0.16823488759119154,0.3351877060115657,0.5512500355699643,0.9048085955618038
0.178790399739194,0.21671648073774524,0.5811703333856134,0.5666538336375593,0.752327840919627
0.15911048828018257,0.22710851626973397,0.39019269638784343,0.5311717488991025,0.5971054370845429
0.1786688890340991,0.20214485915902045,0.23677220362463922,0.42406375771247873,1.2397525041542379
0.1631880202156194,0.15952461700378717,0.37825451949291994,0.5669109877426354,0.7953159667740664
0.15531510566622064,0.16520008489989405,0.31454861725437167,0.5291409730023297,0.8462793456408139
0.16103496260951114,0.19598108012278764,0.35211824453642293,0.3931948101772148,0.5514390588769571
0.1589908606362914,0.2509746301739247,0.27455920027248754,0.48600331613211684,0.5028046214091028
0.1110249689546064,0.2699454396763039,0.37240248023854583,0.5177600197988713,0.5472210742029744
0.16932443363638672,0.1415384535852322,0.3139689251404783,0.5061659191218507,0.7714259506089156
0.11760250599437252,0.1775204621700319,0.3574833446834016,0.5824453147528639,0.7753380777835401
0.14471637088580552,0.2210667107728758,0.360776523341282,0.41157288758060595,0.8410009712404009
0.12785825702058842,0.23912012506347835,0.26460641062144846,0.36361398822040536,0.7146653412462909
0.12829366653689617,0.2552809788464646,0.19980108976767813,0.5377889492468463,0.43009208945918415
0.1979669003176347,0.15770506432678777,0.3100830573665275,0.4651436582530044,0.5973862964201929
0.15427312934143306,0.19033759823249685,0.6552235204458811,0.5810499967125355,0.8040222110032038
0.15941704544543145,0.2178845144428517,0.3520798120484154,0.9599382895940608,0.700057612142536
0.16678197102490194,0.25026995855331097,0.4123050794325776,0.5170536385989333,1.023046156433096
0.20813097737206368,0.18948255208835152,0.311748663764402,0.6412788977080247,0.771989818039762
0.11755968912911027,0.23412427152398507,0.3441731566990667,0.4153471089901236,0.7544958344928229
0.32575154391551203,0.2658310462269489,0.8263392210463273,0.5761517362974864,0.5321388033648156
0.18728260918106507,0.22059250840716516,0.3974954338101215,0.4207417360398546,0.8595645000910566
0.12258712373442965,0.1874982198868651,0.3467463753060127,0.4187087703860339,0.7268565167291684
0.15569469538596498,0.2180942008336222,0.3301866766410367,0.5403869021233837,0.7026242427144829
0.12403266743044802,0.19165929996326056,0.33501209517740577,0.4709301143151903,0.6517779914176508
0.1447364921990348,0.19900772744657333,0.4491277736301891,0.5944970598979844,0.7330125178773519
0.1483517539661421,0.2911141249643046,0.2996683174054966,0.4230647687116853,0.565444150221382
0.08706457328060785,0.18595213413385536,0.3007919577794599,0.48770263735016406,0.7934275984193031
0.1695765802675674,0.387884042297296,0.28073731655000556,0.34357226594241463,0.7041905264126204
0.18101606327600747,0.2770829803392587,0.3101497937025783,0.4626923161027669,0.6232519550596591
0.15362281203885966,0.16330975076866894,0.30591665165974885,0.5020381015809766,0.798391486293396
0.1824805462261429,0.21178176086590791,1.0307672990744052,0.359104717944307,0.7394067344682271
0.1536965494744977,0.23115755278414252,0.2859467473761129,0.56790103393082,0.8519122058752244
0.14077376328855376,0.15442713873721348,0.3122780834125059,0.45112741666016926,0.8063364090025161
0.16705529337682778,0.13868764000541584,0.41065167482086684,0.5260761218271889,0.6571273240969173
0.14098744070107458,0.2051035503685488,0.3519325055028011,0.5137449596597183,0.5454230540240024
0.27211313993810166,0.23549403010790082,0.37674830141638493,0.5822308356776154,1.338136755742533
0.12255074942538945,0.25094087984391256,0.3559897947308986,0.5252232113238654,0.8610654183763263
0.16948849099450317,0.1787638627308462,0.26894417684546573,0.48383791942634047,0.8306937058746842
0.1165054975839208,0.418455171903575,0.36415289167093073,0.34493092044781315,0.7667499988867098
0.1627295728372387,0.2532867976262544,0.2912944057318726,0.6170400545999641,0.702962206431991
0.16001440589261628,0.15727732474784234,0.19709913697147532,0.6073023684772312,0.6964252340749202
0.199580117628399,0.10582903136534455,0.38180489807758783,0.4176327351356658,2.152810289481512
0.13262932113573192,0.22069168188571536,0.3261966153085697,0.49889202421524953,0.769964454697474
0.11696170803844917,0.20471145226287912,0.49096459616394605,0.5425533729643746,0.7796734304536674
0.1932855974538985,0.22171598043449137,0.3609690433396078,0.44366185901286376,0.6618887142139738
0.11056229308254253,0.21225986003090302,0.7430210994677484,1.0990815233281446,1.8572160738852441
0.1603345818137733,0.15245642608918808,0.4645407884067775,0.49803076776002997,0.7365737778393863
0.16735527991250987,0.27333280072690236,0.26889305558555826,0.4941418604917078,1.4618854974701332
0.15591617015119835,0.24272073653517356,0.3883100052435407,1.5088435485092015,0.6858396814174235
0.15689312168365346,0.20711717761290294,0.4343758814125905,0.4694046635699217,0.7423190301886742
0.17441629664934774,0.2113564382751906,0.2534577637267462,0.5339810763843251,0.724127686919863
0.2000438816915015,0.2122232653487661,0.3170274594520056,0.43347633139091024,0.7615294941343743
0.11281222903450155,0.13524117915690667,0.3712440207347187,0.5232717736357955,0.6854673361061351
0.14945705167267093,0.2395055243846514,0.41423720158288907,0.4446828528674583,0.7147793931675757
0.1617239292493357,0.31464439191933424,0.3901598300353975,0.5298236781216086,0.6346737904308408
0.10231057446174519,0.17712841680934177,0.3447093075841779,0.38398129013804655,0.6672815994865826
0.141842182814462,0.26635711494791336,0.3262051363313729,0.4768215737082237,0.7412308088483978
0.1705945710481233,0.23559065252388178,0.3390904555171545,1.0313996836346977,0.7507022935998547
0.12272174468062451,0.23217941649539525,0.303613128980659,0.5775120984383573,1.2606054369375768
0.1578685122072137,0.18092167672806864,0.23754671851001197,0.5672679134415443,0.5888217034216626
0.12950548206059673,0.17140683246634325,0.3648859989774177,0.4789748817618609,0.7583123997308316
0.13559151789987572,0.21869772822299688,0.3452779057496567,0.4944920028553786,0.7413907414889729
0.10722806824369607,0.21901312244670076,0.4150997679263083,0.5156092330978354,0.7192929797896239
0.19631035096180433,0.18057769160850468,0.31708440388074455,0.6556949455861145,1.6942045623755486
0.14026637128282538,0.6104138048881818,0.39352205427509956,0.5145278770993483,0.7650228157600201
0.15820194775455576,0.18679808901656667,0.3422611687516916,0.5997933843807177,0.7891325264769982
0.17715413129446997,0.17148350068574028,0.277872291948464,0.44955579496177434,0.6496607159785373
0.14861813025881546,0.30487057927282907,0.3477299534760487,0.4568784662521565,0.7027737084366745
0.13251596018128942,0.18582824360247008,0.33173935436315916,0.535313944795542,0.5549293855093747
0.11827030248191031,0.1978654817166018,0.296931351661001,0.5273860421048651,0.766284705960673
0.19021324373991225,0.14779642452769362,0.3514736103127914,0.44165955956476727,0.5529721362140947
0.16348194531233848,0.22555568361408612,0.7780465959244383,0.5140898792691926,0.7800051595316435
0.17042774447206338,0.19541990322688152,0.3043793575578221,0.47636559194664263,0.9081881565913625
0.1546041318252458,0.21133648498632038,0.4322390169432984,0.3743190201089729,0.6320799838684876
0.11647031070635186,0.22691524697292673,0.3305349061949169,0.5112530098606006,0.7648169040424588
0.13944101723449057,0.26673134592012016,0.34246970162199236,0.5630841175780107,0.8271768549357992
0.19175394167811216,0.2011743617408677,0.33970218793277096,0.5017211110147004,0.6928862743333035
0.1329656854176201,0.1843096170017915,0.40661159439482336,0.50615745107568,0.8396211016427346
0.14835909398368322,0.1307905883271286,0.3049041919018612,0.5138585061217242,0.8007465667631064
0.1704918198631977,0.1389281575939899,0.3674312658126765,0.5498340165724885,0.7099690596727102
0.17649834104003898,0.26040438279669553,0.25401439076332843,0.5524680381767602,0.6411442998988895
0.12514848426905945,0.2169905948100868,0.3049029602714208,0.26992440787112304,0.6674335925006647
0.18298426877130541,0.2007730698963532,0.3509796175585484,0.41548248511665375,0.6491276600784502
0.19836708760784597,0.1910366692560145,0.47854504673332054,0.4558001056002423,0.6562745573603423
0.11656873553953429,0.203341938516778,0.33598737401842693,0.4699800949684919,0.7803238586569092
0.15311826584776667,0.19000279829832684,0.3749501249279414,0.35135522533140073,0.5907526089343463
0.17260341539043228,0.23477527716564667,0.23673427050758872,0.5074369060983311,0.88756514359671
0.13302871376613726,0.23316153669636036,0.41219293605209667,1.0856188513461982,0.8939761242526435
0.15799874493919625,0.12641232619727819,0.4015390148262833,0.36363078439881324,0.6990113611109119
0.15326979686573602,0.23582094830980455,0.30405244341619536,0.4249288952474074,0.7027305777055306
0.14332283268676585,0.19739979151965892,0.3225362981644805,0.5167171574761673,0.6433529062772252
0.13065693252376326,0.17110061631997828,0.45417312254072756,0.5884612877231629,0.6862106980068409
0.15445979519790123,0.22947699019053142,0.3703051029730808,0.40316938259564317,2.2370575494789096
0.14975652626276748,0.32779194676610907,0.41707110267085923,0.5092528827285122,0.6988663748428784
0.11318503553690698,0.17675324610754994,0.41196232122631615,0.51354402553365,1.3278231049820952
0.13165698578207108,0.23989318896107506,0.4132776503659078,0.613823485379174,0.7024368001884767
0.13966468436057067,0.23108562199701962,0.7721951653407547,0.4856637213617838,0.745627816126758
0.13146341689629146,0.14391236362196685,0.2894257618976732,0.5559194757691944,0.4718668586128263
0.1484928440690248,0.21699421340782177,0.3989001266001095,0.3913344824183196,0.6850232144463994
0.07442893362803168,0.3135253623479008,0.351493725377556,0.49287019032813306,0.4700295232862649
0.11348627046148266,0.2529282383004413,0.3059854242050521,0.30560201215465516,0.5520389113697244
0.12927566013293865,0.1774786429549913,0.38024857992393707,0.6012587032478047,0.6897383879595537
0.15697447137136183,0.22439337185133562,0.3016882453532199,0.515624660291846,0.5716151729178147
0.1594151237598071,0.20618208551262898,0.3260786540411462,0.6140776566139358,1.4940573359944904
0.126330645001026,0.21345269931225372,0.37884769477230007,0.5364709485475673,0.5291380386604747
0.13322251053589507,0.20903407002730676,0.3540511032666606,0.42150849839726495,1.2958774659131629
0.1400235016177696,0.17641848198856974,0.3838630527060185,0.529487068164499,1.2707899157325604
0.17710732899511597,0.1742349303051384,0.4029252688375495,0.477389455736316,1.6881829703706137
0.13102018774342875,0.2794134209156578,0.3511866901050844,0.46550663126920516,0.7975696895524252
0.13690588774870122,0.5298055725177061,0.2956721246199927,0.422901542266042,0.5459244575070857
0.13989381655826766,0.21272658327484706,0.3526738232249868,0.5838169412459314,0.7486553427948887
0.1429711536092264,0.16214939714270626,0.3280872567371725,0.45513774058081213,0.7416061425811964
0.16951882105287727,0.26082900501410644,0.3281514097320901,0.48425846446047227,0.8256621883206596
0.14453120952924517,0.23936895448908838,0.37653702682093804,0.3590545654750348,0.8022176401978174
0.2187335330117754,0.2271063792049644,0.2494780370319455,0.4438941548385005,0.5172723140702896
0.09951321084553624,0.19214414653378642,0.40717271890319046,0.4969371658055192,0.9274218897698746
0.13350239351353668,0.15085710529837965,0.3679662307081533,0.5556880865625785,0.7044135407561934
0.1743882723964311,0.20788281933218863,0.37385522462047116,1.1539175847382712,0.552575983578213
0.2111303943197581,0.23660342465106507,0.2866607523698359,1.2652470941979022,0.6878941505825904
0.1586389696719097,0.1507251207093833,0.33569971958865247,0.4718699896015565,0.6131628863576681
0.1355850526243535,0.21144350038284504,0.40982192593787825,0.4244186700685194,0.8884024236869347
0.17601888179207065,0.2076311488421717,0.34020806031526296,0.6872970853803326,0.8204289466224162
0.09473720298301952,0.20046236796817746,0.5454242611707013,0.3956245572421859,0.6881813592031325
0.147879429777722,0.20472565868782477,0.4486201061092875,0.31207885391811085,0.5358684146035515
0.19881682094941955,0.24215950430004818,0.3065778186580635,0.6164052681737205,0.6404035809323878
0.12582051700428107,0.1816822331411978,0.3625166820687557,0.42004045405530255,0.8957291777355101
0.14603762919578653,0.2114556811197515,0.38520760364472734,0.5282703546260403,0.9032697520287742
0.203995460347712,0.26742204657822755,0.26222784936075727,0.47214083338526963,0.5259361797940417
0.20376185567457183,0.18397656103766377,0.2672111986066745,0.49379292806395586,0.803676914536095
0.2652274283594431,0.23321202761931387,0.3282019941735664,0.5918942987529109,0.8316035443863025
0.2401735743537409,0.22513407786012246,0.22091279605344816,0.47485866339970134,0.8008535556729904
0.1762582418358282,0.2061137437720945,0.35448049878169213,0.42895804274376453,0.8686915511903956
0.18882863170606928,0.2180685648181566,0.3646807383882843,0.42464659809880984,0.7579460440749002
0.2808386667851338,0.2187819493855334,0.2981310160580513,1.139726966883982,0.6348360875806143
0.17869662447714074,0.22788696584013912,0.2430196480377955,0.35314249615113025,0.6475732760067718
0.1599484130429026,0.13150936740595215,0.34866428268975663,0.5095320575577412,0.716704250286644
0.17567530022242306,0.2283020343043033,0.3467342991342087,0.36359438631006913,0.9462138960431503
0.09833646956807471,0.23168999463834705,0.3592602547794979,0.6668350538455419,0.7355042263806061
0.09984906867218989,0.18132215892792544,0.3046168615800212,0.46558374807227865,0.8652291214001017
0.1922610191417744,0.20104058652507156,0.8319108570715628,0.34770397978401135,0.8612167072281538
0.0972003743844014,0.1666476729781602,0.33377299829865303,0.3922338442170031,0.7539007816521958
0.2001551327318934,0.15947924294392227,0.2878482517992528,0.5116914883919854,0.6752831511189542
0.17226050945621552,0.17213209875399932,0.2905200132196501,0.5096626839663748,0.7127391976444881
0.1402447070967841,0.19049180904403018,0.307417274502209,0.6187939580935384,0.6872907446646871
0.16420119397757557,0.23901560609828326,0.3231284817121588,0.5400208079187415,0.7805480337607735
0.14749323246108903,0.2137716700712957,0.4044406368646499,0.6101771044783881,0.6638202402500155
0.1665586168354354,0.184742375188537,0.9340934435216102,0.3640231518101425,1.4078656041423336
0.12044336188595817,0.17637705795216815,0.36106503768179204,0.4300626302307041,0.753876329946565
0.13341854981833023,0.2474992316983827,0.3592862181589056,0.44658821511414976,0.7756328372699844
0.1293205508350384,0.2178276262951877,0.3956042032273376,0.5647512530996811,0.6705977697096449
0.16513770602901776,0.23605476641005135,0.3308628488344349,0.4112403738198357,0.7604127497451806
0.1431347579333467,0.1847849923926574,0.39995265100152944,0.46827290173180713,0.957995322622241
0.15105006260185552,0.22759556024403263,0.40065083128053647,0.3987297850649234,0.46165205481597904
0.13822607081074428,0.1770321998962544,0.3182082234439362,0.4376538275554714,0.5661403083365941
0.14624222111869564,0.22003577431305485,0.25590462104757916,0.5110214024209583,0.729009922370505
0.1509494244359016,0.19792991895254453,0.4082423721705247,0.46542314045982636,1.9807268020060234
0.11596725617400583,0.232659801367937,0.39333224711773834,0.48942524698682405,0.5079805808578355
0.1405739080286446,0.20182895792279743,0.3141945847445858,0.6380431009430598,0.9062727876333986
0.09327279438096966,0.21598811116830405,0.29995314102344306,0.5240511160771194,0.7161750684837213
0.14575338512125488,0.26398379742664024,0.3273331083354986,0.3601958081590311,0.890181301301703
0.1789991535772937,0.19621180482567657,0.2354514203345192,0.436910708675178,0.5839359819291371
0.14000128883170546,0.15270163415566673,0.2827492757497441,0.6196200211703352,0.6013818297665572
0.1773756460287555,0.2661368684752854,0.4133304911916968,0.5062658525414488,0.5678156333780597
0.1827028502844917,0.21990337099118099,0.422401540674882,1.1775213102842201,0.692749693824921
0.13924673062616114,0.24538561377495932,0.2655082596713979,1.3908703858304534,1.0413836949166018
0.15550547313627922,0.21010141658443507,0.30745851284983494,0.5831731718346059,0.6760921757283528
0.10106627946324945,0.2659854065718948,0.30431466023675924,1.3288806253324903,0.6661443321211618
0.10839415378029178,0.2210410228750065,0.32979875444246376,0.33454354632583055,0.6217305026682343
0.17719432321071327,0.1973486148873583,0.37482871351903635,0.49863638565491314,0.572135375913468
0.17934710678471852,0.24700937470399145,0.2880202236383756,0.5790852657799653,0.7295150906909689
0.14674927210416727,0.2065672218109633,0.4640982230682821,0.5023760244975434,0.8093704223197602
0.18374822207383168,0.23735517921771265,0.3001025882250722,0.6118666086851092,0.7152971357775691
0.1451969783111725,0.3017822792766466,0.3496031377802919,0.38463553368420067,0.6908277669601322
0.13981225252998955,0.19906449385275213,0.2792221608326586,0.36213607710397133,0.5820160675927368
0.19575062377367286,0.15713986595800394,0.3114848307780697,0.47524453446235176,0.7110005447345064
0.13877024457226242,0.12626076128958819,0.42512303977407684,0.6197479645011139,0.6661560337678762
0.07484657086745555,0.21873055488943022,0.3236539878886868,0.31635756124703734,0.7726433059381621
0.1054229248613144,0.2619177344386464,0.29932890016909963,0.3416733372733878,0.6276933357883002
0.1802114013755696,0.2656114240697356,0.35933068741230667,0.46422423131222273,0.691844656468207
0.37982682273596047,0.17785184765947606,0.40280402627532896,0.46919968101540216,1.2935966228691713
0.16933467887362047,0.1668566752341733,0.34342487296357044,1.160424601157519,0.5486408868058422
0.1263337974422446,0.21904358876454721,0.3566891742891659,0.5074979949907206,0.7913005631382584
0.20482749656984592,0.33378315008497017,0.36312528820800594,0.5161459715880404,0.44163159871525104
0.1186561146947266,0.17544039032270986,0.32766049752617504,0.4134807112849451,1.6234092796838007
0.11981421721387024,0.1534185806158676,0.37984415576655556,0.6024731141646689,0.7981204089160194
0.1530757185915237,0.22419151713160218,0.3368601554292455,0.6166964552224942,0.6581509847259555
0.21297310120877744,0.21029122454857593,0.34071242433373017,0.9425439931958491,0.550187703578106
0.16221575711462605,0.1686148276901442,0.3209144077922814,1.4696859736652839,1.213680485032019
0.14635464133133472,0.4734359145192727,0.37386444993535495,0.41273389516563525,0.575510075059066
0.17599058380757904,0.20526229589357223,0.2992118808387899,0.6302792885717414,0.7889859958718421
0.16124418678643065,0.2501173240740675,0.6212555680261674,0.44159360433757594,0.7171165704162877
0.17930953630681493,0.20825449378154423,0.4015539113333287,1.0918262455473846,0.6571909817482223
0.28215743480837435,0.19398542251384077,0.33311439864794323,0.4301716363369355,0.6748576412399845
0.14855582102132348,0.17405756093238547,0.36301326519528654,0.7257020340723159,0.6349412259022571
0.07838802503080927,0.24342757926167144,0.2311444182215746,0.5965643808519867,0.7718087397984033
0.11078139195697159,0.21157167853305517,0.38016058483747317,0.4140191750591449,0.688665253088081
0.18078382430131687,0.1986266315967052,0.3884021133875391,0.5077367793654708,0.5945555731572587
0.16440223359452966,0.138693921093473,0.3926976880381567,0.6820065762204972,0.7510072732463287
0.16971716577642162,0.2433237651513137,0.3559938994360129,0.542252992538974,0.65947588186083
0.14849574340386915,0.25760416376310785,0.3124170484035239,0.3940087226388118,1.0628306425917178
0.172228891151404,0.22033181870999355,0.24747391320941764,0.48136260502981715,0.7053556368035163
0.10718891645980035,0.22900543685418326,0.24611814471417937,0.3354846717203375,0.7175954573232824
0.13873252771254385,0.14951510189323358,0.3709630495500994,0.4883092210012914,0.7412778559108106
0.12951588897427266,0.16585224579569366,0.36805630801983674,0.3977240784009599,0.7412642750919496
0.14597268205148906,0.184898808777763,0.35129391247049896,0.5355518404611822,0.6333373751421056
0.14295397499850593,0.19775852620480266,0.3995210612228431,0.3772026270815894,0.7342202821154702
0.15184071740492536,0.40419575171230254,0.35068455219208633,0.4273540077049416,0.7941173982894949
0.1332742156484371,0.8611995653709766,0.2214551433548802,1.7917795901755018,0.5334357505523706
0.13416485565881278,0.24389264207503739,0.3497293529399567,0.545453098212666,0.847489999565529
0.12758345051541864,0.21521597997829395,0.3892584931491853,0.47441902029322647,0.847480301703886
0.09681941774636843,0.19399357545548016,0.17252566885964724,0.787444000743558,0.673158881865073
0.15808496729849641,0.18388939344899943,0.4011978313976462,0.4463425558977507,0.6417079190595659
0.16461773783712222,0.16033906035309242,0.42422225891333676,0.4727649186771564,0.843749967209017
0.14523915376966223,0.15175989141008334,0.34783508571877053,0.6269744434889709,0.579702451047044
0.16849710671216017,0.18011202971587664,0.40793821920759915,0.47320407553101923,0.8722530849257151
0.13452798564092458,0.20240198670668863,0.3331867378710037,0.4312919120314933,0.8718328333107311
0.11670283361575781,0.21750994236212023,1.0175286718132803,0.6106491991779619,0.4388901039955464
0.15144796289787887,0.17740507209857326,1.1882871651839362,0.6413257194344284,0.6412271637696743
0.1456108340951142,0.13786436722511813,0.4607607745930501,0.47686453713777677,0.6830375797974705
0.10475425710155606,0.20207412981282508,0.30597456218879604,0.42680734870561443,0.576467644258325
0.12522437517675522,0.17906669721501955,0.25830215702207127,0.40428354029695096,1.2475918771022692
0.13716939437536724,0.18720833918983948,0.3414551732972639,0.4148713227282369,0.7831599576751146
0.12440523733158326,0.21780044545138355,0.4044440262058319,0.5233090276375391,0.7218902904402663
0.15304462985597922,0.25511749101649234,0.3818667528938843,1.5454927050351634,0.7413640818083149
0.18771459138970772,0.17871493324676885,0.5063943804116755,0.5935146899927745,0.5136018470175536
0.11949196455618541,0.1800985659748139,0.814736480927384,0.46441376019296365,0.7611576632208479
0.13418142187585694,0.18611378928963945,0.3917117782493219,0.5503510315098967,0.8744329114488631
0.1513017714839233,0.2516569927153601,0.4237605773193077,0.6139057809043372,0.5248875367932808
0.17092141286900972,0.22494258891441976,0.3988375165087014,0.45908680010646913,0.677230026403649
0.16302398888348774,0.2603724392977476,0.4312502017237716,0.5532565905244615,0.6672833172264453
0.11033186228059956,0.21676629462622998,1.201575176314865,0.48520298524010336,0.4673855394832037
0.1411163592415936,0.18371198741029282,0.4331955188938048,0.434442524375736,0.8055351109428792
0.17019462139282313,0.1126785370790045,0.19960518624641915,0.5107868053653221,0.7680465247584417
0.12211736611718552,0.23246803654739662,0.4290682710096895,1.6187025367519423,0.5056062846073587
0.13399414534872214,0.21981564766765813,0.20338791770392925,0.5651311862818753,0.6793637133990934
0.18258922565029803,0.2229052107858933,0.3037058602760396,0.5408633489476766,0.7888167157072012
0.21509358666323408,0.22179151944223802,0.3298368556943134,0.4251983401250993,0.6724656227777048
0.0861213206987601,0.20388554304118203,0.43987706695855033,0.5003801647661799,0.5912054928708378
0.1671982628182199,0.15782985398899713,0.39324662875434324,0.6334781417591372,0.5463794052615021
0.17220917005793093,0.15125267572237974,0.2722900761926842,0.4714646219104504,0.6564616603783655
0.156084146677025,0.23992321146742399,0.41070650736646735,0.37079157804518104,0.7082701745291788
0.1703419730638986,0.16739792202263182,0.39372694749475334,0.5176782256921394,0.6173362488463695
0.1065634971065848,0.14392520947361015,0.44081738681817034,0.629812136277521,0.6990042236831647
0.10931070528210594,0.23267165682537308,0.3700387372147147,0.406536338542307,0.8948160766939913
0.15601331898185053,0.24298202553138723,0.2668330455697767,0.4601922620729382,0.6977732929335843
0.1618076051850937,0.17862055304625493,1.0429408331137942,0.49606324455724277,0.6763468008236249
0.13695819753022423,0.1609908760420929,0.30785689407282335,0.42693335037048163,0.8192118402014711
0.11732336156759553,0.2164559985275671,0.28705488452397193,0.31881002290339366,1.2591856596273991
0.14863538223379982,0.18452909068127038,0.2518951691311519,0.5195142036775395,0.7221271667207808
0.15184387103558,0.20937166445079997,0.33177372729913573,0.4833091570473872,1.6930898830345555
0.17573319658212505,0.20863163753368155,0.4193679155137543,0.7056064311558963,0.664212520354626
0.12335134295691384,0.16035438144930347,0.3408955474934029,0.5758817850194495,0.5475496807340007
0.12249688217545848,0.2371953260424816,0.24756496081835433,1.2469761596296531,0.7445324874782335
0.11824042202557103,0.20076655018213413,0.38776150451431873,0.4280303393386129,0.7082565618226615
0.16971966474877798,0.2357738151194322,0.3581048021391554,0.48997146897105337,0.8704925067234246
0.11985121204902865,0.26147833250818553,0.349772227704237,0.45610986499982087,0.41817015250112527
0.15386533881884248,0.18437335865429128,0.4295526718743131,0.41373827746084085,0.4955315754041347
0.09346915618794158,0.18970470377295212,0.35871925488725187,0.4699520509887135,0.6060610526470716
0.1307613622706519,0.17650275274517876,0.3007842709058471,0.46565177829083043,2.1552269892722165
0.14251549379723516,0.24041957531745103,0.41818780883362633,0.31613705659124536,0.6824502910307793
0.19279355633356896,0.24136487384545963,0.337539368342331,0.5207068044584435,0.6995714340373503
0.18436027228679108,0.25805692115793455,0.32559950092087303,0.5164787295046075,0.713050938171477
0.14707853900140574,0.20169745705935826,0.32215441229894454,0.4501519760547409,0.6720567046207636
0.16190480460472872,0.19037644505161816,0.3189850563461671,0.5718735070388531,0.49686186458638903
0.14332361712631364,0.11980251569665387,0.3193868460521206,1.229985290958612,0.9751422851306963
0.11355244528386985,0.2596876057322843,0.3146324707298371,0.45336901129544904,0.8936539149614573
0.13834279710003183,0.21747441781426774,0.27276842423169667,0.6713651233630734,0.6816200341061665
0.12411803805233279,0.2249000445661271,0.30973516493788644,0.47304269425824214,0.6932518099129055
0.11127304183674651,0.302224312700375,0.35701621005628725,0.5528510662820962,0.6593638919785799
0.13570927940860686,0.2005760831222322,0.221136277377006,0.45214561278489335,0.7515204957878644
0.16584952522179253,0.22489148617019808,0.39472892902934703,0.47812850176157473,1.783244806299982
0.15930433544640288,0.1889849254943491,0.4309263560393546,0.5380979317630666,0.6992219638396563
0.09777898431099369,0.21171741709830488,0.32027692668524355,0.44843145076254026,0.6891638784518137
0.11994176015506139,0.16199049311976899,0.3982088994561082,0.5231476290260629,0.6702090700881751
0.14119419631970428,0.20847878479435042,0.36002692243613305,0.5959963735529723,0.6743246631167187
0.1374272420004173,0.28621954605187994,0.3496598458603168,0.3890099259962323,0.47813506078444046
0.13135108834933784,0.1952858892553795,0.34457641934142696,0.3962397753745168,0.9017310441350053
0.17142963123649974,0.25602272814772964,0.4127597482598415,1.201804582591394,0.6376090770722088
0.19754072694142566,0.21130011161309808,0.31881542117813777,0.4282753017736108,1.6117881900418278
0.1463868656804102,0.23286487383113638,0.3560678751203593,0.4251433021820448,0.991036973775224
0.13403670366178144,0.27422787407763366,0.3427823331979315,0.6061225955566969,0.6131731993011903
0.15319940808926485,0.17647372838692493,0.34585827181212314,0.5614611364114594,1.9285894464051478
0.1751454468402272,0.25616485872398853,0.30498682679915295,0.6737141162115462,0.8609778914161276
0.15790983666937206,0.21859961004114106,0.3236307871970468,0.5681939386015207,1.2333695513376974
0.13531860273393834,0.1676613514532805,0.34379226645799554,0.5671081008167567,0.5197326894268144
0.1869266487381439,0.26138002984702274,1.077843892691748,0.5059623668140897,0.5852025303378081
0.15434573944598115,0.217367338129626,0.3371396626113364,0.38514881263876566,0.5955220541117953
0.13138973284371777,0.21583929384019854,0.3672875434316689,0.5494949472201179,0.7774316128255666
0.13428101126973802,0.11088712642912124,0.31805657048654257,0.45576005879305453,0.823007491341677
0.3215805254138081,0.15053578563119846,0.39297141984231754,0.4872457036596523,0.7915530598395898
0.14934189598138353,0.2058470159538892,0.5689446712071365,0.5455594401915237,0.5300735318202185
0.14917129201790708,0.2457895758106139,0.30404081360679863,0.5405821275826159,0.7812459167091398
0.1617500159266385,0.14895915444202146,0.30540520874648536,0.49958273627472694,0.7336030676406462
0.09769610906592757,0.1879217162968868,0.26240860207405897,0.4786626182593126,0.44302267741593804
0.15477204110715406,0.2449377000707515,0.3150878160664925,0.5081009026062493,0.7087020308587013
0.10658261557464764,0.20248696716486836,0.3628150269305937,0.6245160965387404,1.011639174769078
0.18858219861943915,0.2194367573565863,0.2708889051498263,0.38327674152304053,0.7800064258764956
0.13261000560363345,0.21707885459364723,0.31787591719199726,0.5153148013527172,0.6319545730517423
0.16297834246903084,0.16359636837478703,0.3491715053287523,0.5266032705902782,0.5312088878143547
0.13443490673252956,0.2783709281274711,0.4055531953208879,0.5222984888562878,0.6614041017163866
0.10371744858151584,0.17240077034932663,0.33495902101894415,1.1208985599560832,0.8931353982831797
0.16178468134087434,0.21359266409657432,0.43434474975431936,0.7030778028272484,0.6350903047878691
0.16567667909586795,0.20861886787566852,0.31071709978943235,0.4394869071432522,0.6872959514740157
0.14680639261649753,0.2060997988748788,0.3236530436861629,0.42111374553466574,2.1983287592280316
0.1776912934918748,0.2298783516003324,0.3172997173398121,0.46170531947069704,0.836846158484132
0.14023324489676836,0.6023568944036557,0.31173657934829796,1.2625005379622078,0.6183622882367105
0.17787189952099638,0.2312979945090076,0.3735899264399237,0.43761949460170824,0.7630484874035912
0.14054780422823687,0.2423122041870931,0.3293269283322727,0.4259424467921118,0.7180869115148704
0.15433970057131452,0.20510014366083687,0.37113662763597877,0.5167908676860197,0.7599207715511773
0.13058796426395194,0.13058281695613255,0.39702769387014075,0.5730072975319557,0.6824295161001652
0.1659812366036618,0.1851676360393645,0.3779434784676872,0.47790521079974146,0.8065458301526527
0.12966319246435792,0.1699750949984041,0.3084270478156092,0.5111693889558564,0.8693613883953254
0.1338606159231511,0.19486082197633262,0.37132166863010546,0.5443338095534087,0.8001503481212158
0.1918230306727392,0.19720889265825992,0.38936315965067175,0.48176986921824394,0.7302875417960665
0.12159420850875272,0.17225821682381565,0.35995306400058746,0.42781666362687687,0.6623456695546007
0.1909312498619907,0.1797922843081016,0.2944976120456052,0.48816468173791716,1.3717323277960864
0.19077441825041472,0.20524102611178519,0.30327805445833195,0.36864313920210523,0.5730940075642859
0.13608757683554096,0.1805733589705618,0.32375268876467733,0.3129850504439294,0.6514233614841074
0.11330446408189859,0.2682263212162382,0.3082037182951663,0.47277378039109946,0.7111889689303877
0.13587675380863892,0.13808212308849102,0.37613094161614147,0.5073661950995256,0.44996981340285847
0.16484146562505936,0.20110459446849563,0.4050396764523712,0.791239859891628,0.7129533551579613
0.1135426519173425,0.22695118652794377,0.34544249046461567,0.5697516667868195,0.6957136558218296
0.20773221624555185,0.2555328236004422,0.2904781116647377,0.5023692489307082,0.6452529771382047
0.1918856663292326,0.23968927068442006,0.4044687759767741,0.51795035697474,0.8331814341465635
0.09254923318451885,0.1829757243554287,0.2926569509569715,0.5405546673835291,1.3933837360209291
0.15464029120243902,0.1845672493937297,0.3599368858189828,0.48414651143068865,2.1544285684115154
0.1730865850904331,0.16300149533918154,0.3863955303716799,0.41369914411556297,0.6333787891734812
0.09786933288767669,0.25272982863584403,0.37293558779377634,0.48276894867984843,0.9284162266060247
0.19453851641486714,0.24942828715202073,0.3152318606422889,0.42372362758044324,1.1955592384161517
0.3605764460009378,0.21635363140855038,0.38854581188322246,0.5246992749655864,0.5893837180982857
0.15967358009254173,0.191281904184804,0.405561323128516,0.5576057405365222,0.5955237006507551
0.11560428133494241,0.13356002623529645,0.44856311393800685,0.5166061762349557,0.5697994143732883
0.14851508655450205,0.17129922645329274,0.32300176432157046,0.4441888651810645,0.7974288974606188
0.08044753194002506,0.13952063094057413,0.3496098449353899,0.5281635033915887,0.945000677743444
0.21178374310252196,0.23986028798078302,0.4620364842021452,0.651280535359058,0.8807671934662792
0.0931144341034443,0.5571150089207025,0.3673276961725761,0.5192555449665527,0.45204814345886146
0.11708768454300711,0.11247526234716193,0.3984831526567628,0.5918070324752405,0.6024205404244093
0.15101598167917288,0.1924636498877686,1.0924070894328761,0.4905247330096011,0.7251857163228678
0.14018338968522331,0.20943355313329404,0.4138861286496158,0.5450165410623882,0.6683186153257562
0.1371162029553623,0.1810110363031061,0.31897596296561387,0.4772470687345675,0.6694455844428777
0.13922088446865868,0.18601598490322332,0.3783984216021241,0.49247547191456764,0.6821895391407765
0.1376106357752243,0.22154066794308108,0.3911506799906083,0.4368762942215943,0.6938485989835145
0.1475612740994317,0.20274628827658572,0.2889989963678259,0.44438269719754286,0.47160155027292805
0.10865105807851841,0.25150609582013056,0.3399468035733823,0.44485147894666205,0.832953704459842
0.1927115737616336,0.25663269793669186,0.3448361516889265,0.4509751205014801,0.7512870983284433
0.13194446359532702,0.14494515919646545,0.2955642006816238,0.5233636833988403,0.6930353180936532
0.14666567545409312,0.17675347950777587,0.2802853367219768,0.4865987160583488,0.710320785638891
0.13514960432790082,0.19072529663502819,0.3045518738165906,0.4611806916482346,0.7498189644336544
0.15481003682712696,0.2500956430196852,0.36723521169895984,1.1447892817184344,0.8963876632674598
0.16369392429313503,0.1961110017729231,0.3606182735071523,0.402986645037551,0.7630971593324497
0.14827418403349926,0.20994846167530398,0.22842940502199222,0.5180723789060473,0.9120995084556376
0.1133131860596722,0.1354530187682644,0.2518739963340024,0.3738440810917172,0.5910595460558635
0.09641682379424542,0.26282144646401956,0.2891314110315204,0.643335489155249,0.8943776185518526
0.17306947589975819,0.14262834287351883,0.27290857317333517,0.6343236814142467,0.7007094451509969
0.1732826651606643,0.24937629281922924,0.36021667729467305,0.557975100648012,0.6080217480215551
0.1476485482147225,0.21419862589157027,0.42398099864796696,0.6674234832384125,0.515217575229261
0.1577498717670013,0.17416279225501893,0.3233378269892693,0.47057785489353554,0.4417063598191207
0.396945447065965,0.21028070551232722,0.3035826027644968,0.5434736627162207,0.8125995819751007
0.17458967558324118,0.097175198562269,0.37340934249639296,0.4610598733874186,1.8372189221379607
0.11999102068731715,0.21334230923323924,0.3937476494838278,0.4680173024622417,0.5753132123294569
0.17084959388177218,0.27093631104017324,0.34301096683010684,0.5131536607003641,0.7014249620423908
0.1118851700059888,0.19801854327657156,0.30860050372025677,0.43503174034594166,0.5859249215320254
0.13317211006494187,0.27909019731912404,0.44557976544074906,0.42019619102835315,0.6984515660978394
0.14128492261805387,0.19799839099194502,0.4238801813189446,0.5372988964527827,0.7703675095683531
0.16669135799387913,0.11405291419596222,0.2707125487458502,0.46447968740832096,0.6143448823090876
0.10734361411889957,0.19263553545270068,0.37393067840648736,0.5022811824227721,0.8552934062777533
0.134085780920588,0.2083323039206596,0.3538175789866671,0.5249479588225676,0.818068293373814
0.10287551176977575,0.2035494558205554,0.35225303546326836,1.4250031149614903,0.796280280039674
0.12563377679847834,0.2382834670932182,0.3550007513516563,0.6469402532411532,0.7681507975055081
0.1632260220856735,0.1928263226615544,0.32424000135119485,0.5716296596399292,1.7897312810790944
0.21671796498687862,0.25468624179428445,0.3117152925076452,0.5405854669553246,0.513567123145575
0.1601371427177363,0.21444091777943428,0.3830329418798432,0.5213858517158104,0.6627094665702147
0.13948544820127579,0.19875358426999185,0.2975426340647646,0.5066308428002586,0.5641641852302812
0.10485528214933534,0.24029095602876285,0.38280857978575333,0.77767935599475,0.5764447292059528
0.110788286001812,0.18186175272164926,0.4802019603659786,0.526989801639822,0.6312416340421293
0.16682276178317854,0.3051721805418536,0.39441871536895035,0.4805906082492205,0.3598614095395021
0.12983287013605652,0.2513213339300975,0.4140666777294295,0.44225662924443987,0.6059757513128292
0.14918563257139955,0.22691381937010446,0.4251238078142356,0.49902972412506774,0.8986425931908618
0.14924069326223935,0.16870770100634191,0.6931192291925883,0.5362990928158144,0.6135503104452051
0.20751456568235235,0.23472505204370037,0.3816132369412068,0.6009634826117708,0.6253695163311657
0.15660300647183878,0.18011920146270127,0.3814717196017984,0.4317808630112913,0.6949360068771663
0.10705831842952299,0.21583827921804935,0.19123652272048322,0.35857008191935,0.3594365895669053
0.1305028374423342,0.22902207438338457,0.2943424632732454,0.4622917636777465,0.6080709878140451
0.15173412305927694,0.2677384324608553,0.4241187339851826,0.37378472112670413,0.8785637058361196
0.15325176871877708,0.17369883045706608,0.33047675626691814,0.406804003481364,0.8929682058335544
0.1531981907586263,0.20759267202158335,0.33807943618004166,0.40697074358130536,0.7425398340822308
0.18071417563036804,0.262312174478293,0.3363028296206642,0.47103767763166715,0.8181923743453596
0.1719738831289951,0.2131684170787821,0.4138436074547994,0.5703163599600034,0.4093568002381187
0.112096192454431,0.2404662743414523,0.8411133156375993,0.45181516955543893,0.7235409503319314
0.1498272422877393,0.10687747150821779,0.2949530334803961,0.5143247533775256,0.6612106306436247
0.10320608010791425,0.2900239451895988,0.34438963308820875,0.5455937690535556,0.7930783142227383
0.18104305224482617,0.19850943386409872,0.43327750019587263,0.5030316375530363,0.7540885759957682
0.16296288655450192,0.3607080688964929,0.3412331430577818,0.5184699288410718,0.598532714602878
0.18846856248184382,0.2131825761020085,0.38120879596885165,0.31735659205943734,0.5566113883347039
0.15813193980689988,0.14167490439640867,0.4807403224318645,0.4408601682258575,0.7478285761075085
0.11335428440804635,0.28038437702708685,0.33022441495510685,0.5335306101066084,0.6982455151405291
0.1496528460244396,0.17901088316091707,0.30280277044129544,0.5070764027750978,0.6685956906529518
0.1754986702481446,0.23719983182063598,0.255044697882323,0.5736773938986701,0.5643269349080592
0.14305806574700636,0.22229821093687507,0.32773234566195353,0.5486183255973335,0.8521768118500817
0.19727016962702856,0.15250458035056813,0.44310723122683315,0.47957671272689967,0.5852983750723767
0.14024839954061968,0.19174224911014506,0.4587919062877766,0.5013450405998259,0.7425532005094105
0.13857044174653943,0.1797217218644411,0.41481743146446254,0.5324589075109848,1.7672154893050165
0.14715244824008158,0.26499594057317366,0.35425811255394996,0.5167060133289582,0.857336742014764
0.17104765480864348,0.17487414337287235,0.34588265616624003,0.5554965548757862,1.7469128460630106
0.12895418560535318,0.18575436437450527,0.38594370417509194,0.6017793411837262,0.7646638312752797
0.16134699214336876,0.17709695659750038,0.3450801025383794,0.36986630270481,0.7228838335288064
0.15024488622086446,0.1723936274018244,0.3773865456381185,0.47528322065240597,0.7090963608353449
0.13981550078496263,0.20325316294209544,0.3204909154588351,0.6280879823362524,0.6525794057959005
0.14221223178856793,0.2294799716588451,0.29568635506173496,0.4261520708079656,0.4683602894223199
0.1903916609910663,0.20221414960086462,0.32716003753180833,0.5892981380995543,0.4980807233932013
0.47388019706086004,0.14468619000195987,0.1824082572628321,0.5064635949222431,0.8477615184899641
0.17320062555521684,0.194451138941414,0.3649538140067187,1.138606090336927,0.7110308545257497
0.1693431717996662,0.17270849653714498,0.39133480561993844,0.34543279421794676,0.9553349511756979
0.1529819305090676,0.2598408213664793,0.2916004129895467,0.49811590805807826,0.7198088051537471
0.1396446777141176,0.28041414837946854,0.3528357306337684,0.4784913857191106,0.6008148641160945
0.09184629962879007,0.16572472948345737,0.43829212393947936,0.5341567342608786,0.38264710701983523
0.19135952643430484,0.2953230841965613,0.2820102186782124,0.4204825115849346,0.5209448629143205
0.1220179577234924,0.2280125774835244,0.36680680790430487,0.32408269768586767,0.7501728035983292
0.1979862104441485,0.20745001992967066,0.4004278756195345,0.6788900379480346,0.770520155201042
0.14442151250865162,0.291286848792895,0.2367146444650487,0.4878964388079811,0.6128096949807297
0.1236366708308612,0.24294396863671985,0.38585792496959737,0.3441334325112486,0.6313253850713814
0.18364348632737756,0.12787713953841814,0.3083613315904391,0.46311625824650704,0.5345405078654566
0.16176676571119253,0.15940850793844177,0.3095628091703818,0.35433460375775067,0.6852514601011196
0.16065446274830802,0.2224771689613704,0.3739329701458633,0.6586054052183261,0.6714537131726755
0.11768991695968128,0.21518724377592685,0.3924393246886843,0.5311162148924108,0.7557988573624448
0.20579190232408684,0.14364200384605144,0.27934485059283193,0.5538614384535542,0.566190389168092
0.10245869139235901,0.14542198892470756,0.3754035147728336,0.5429175330132853,0.6777797754785813
0.11831616042744597,0.23757237455648958,0.28895917428518514,0.6425689372859053,1.5985680736247383
0.16209949237739688,0.2784931168565261,0.38781870991368417,0.5755834184131667,0.615946870710844
0.14079919830099208,0.14517052191737667,0.9430409246265372,0.5267125292924935,0.8058097127053218
0.12311527356362113,0.227835716916086,0.32547417705744686,0.36104246093204406,0.8067486267957643
0.12761489544309743,0.17021042474674813,0.41048506679665864,0.539477093422829,0.7756021147911923
0.1306341605221062,0.15756196698433805,0.4465622966290127,0.5925772986955568,0.7983918496888688
0.10682877916115763,0.20175094788371245,0.2466661418948634,0.4306132406670269,0.6694442731200942
0.11889689818632178,0.12934751250644969,0.42751859546385257,0.49793785969634285,0.525911768708834
0.18774397053874312,0.19167833785740274,0.36583640645956306,0.5456919321398079,0.5823977454399889
0.17134189048484566,0.18813508775029494,0.4838645195439212,0.492964366954668,0.6913403762790452
0.14125502900424836,0.15404726519647577,0.33667931345240576,0.42974423111982746,1.4792450107314588
0.16700889688890824,0.20308403207853143,0.42309445445316135,0.564891918364064,0.8083684888054031
0.1209279005243469,0.1866463875920175,1.158644056923164,0.5117997648166979,0.8281405809090077
0.14138889121794687,0.22297008334976226,0.39482830642820466,0.5059734356593264,1.737501737021176
0.1251529007737015,0.24537875867835834,0.4163161417864532,0.4163740994154953,0.6741151441480242
0.16371302007362548,0.1324501880407678,0.3877600869426135,0.6075222412364976,0.7014333662038188
0.08650499373011379,0.3020758488111776,0.34534060322890175,0.4238251984320438,0.6032155555123577
0.13074245237478255,0.23412985559744418,0.46410523281542143,0.505176227037363,0.6816900343113238
0.13461662621493162,0.2443263848733444,0.3597986934000698,0.4735842992325813,0.6997318310452126
0.15812564708861584,0.18514849404052336,0.34751623813107585,0.3729024476672923,0.7819797545153504
0.06633321759260008,0.10880145709549637,0.44859495484412276,0.5250496387953973,0.811466423185114
0.14795883747911778,0.27399577026963107,0.3689172474689859,0.49108691611745453,0.5468383418381879
0.12880711692652388,0.17921206629567532,0.3026830640035306,0.5943329573533954,1.0351101321437217
0.18427594248319099,0.19369226581152446,0.43710355983184124,0.5507284359699223,0.7672349450554402
0.1344889231655661,0.2055524474320124,0.21166984674869438,0.5558866131222819,0.9063633309171453
0.1409137957728436,0.24711885647999263,0.40024132962402587,0.5511702583646261,0.5650987159820171
0.14262043995614032,0.24050958295460723,0.347272673674918,0.5695713908283424,0.7452552651740769
0.13266833549305235,0.1783735308867751,0.3052726963241549,0.6267849184649119,0.7890016616601148
0.20825990514772935,0.22685018298367773,0.35137636368389,0.3910988866522528,0.7433347864342721
0.1762889911444689,0.16491192245499028,0.3095979480811333,0.39578730434861065,1.4260176387973358
0.16006780635912637,0.14739146759425886,0.2973183267194691,0.511787716584694,0.7919738744493056
0.11484151824261099,0.2223408672564797,0.4595421193366689,0.3678597220764044,0.603836568829931
0.1659420437288816,0.20703496484959305,0.42529509805420584,0.37904456076998494,0.8484272912940147
0.11857371634118813,0.17999447588728051,0.3831760780625732,0.36323429938068585,0.7776398876097453
0.1018232852445366,0.27228552687989127,0.42953339643775656,0.40871030584620693,0.7552827291344187
0.12069699237302763,0.18465264198501705,0.34736902463816133,0.5864068774997839,0.9186999555107689
0.18620046725780076,0.20902136625361406,0.373552223002382,0.5236717945696154,0.6901432644081598
0.14438891779783877,0.18503045014186295,0.41150628570274156,0.4856967925971722,0.8202708811984687
0.17324671319627494,0.24278194918732748,0.4172547662938709,0.5441155331509023,0.7229999825525807
0.09455110822369578,0.1914220532138435,0.33618220848595093,0.5026188446024836,0.6166591868081268
0.14840639692620178,0.3301514994239929,0.3436223031281536,0.5433304124136011,0.4204093447407887
0.21117513280485017,0.18297914230542037,0.36277119527922636,0.44704853366933706,0.67943600065948
0.08007140162826767,0.2076556270002004,0.367670159659409,0.44632820511914006,0.832381062751707
0.13059298106044318,0.16742234402199235,0.34360488018497565,0.5965698849064516,2.243425388166331
0.11775265001231094,0.16495432072745825,0.26074231599088815,0.44369949840184847,0.8428293088605893
0.311396056589667,0.16340873015583113,0.3859682155116931,0.4932982279851071,0.5582072065256174
0.12204343197507336,0.1745968964615104,0.38269940833742777,0.5557921826023966,0.737911826649693
0.498792018772476,0.10907559191177757,0.38972149585282106,0.5864550214261824,0.9337159492691812
0.1613870080348024,0.26331153071378,0.3736539706861029,0.4599394769757905,0.7714166037971262
0.13805967814293874,0.1465118473310777,0.4921991458889786,0.38589525909882294,0.8051724299603853
0.1394493578254063,0.21102714486355595,0.39108672415883516,0.7716737108961472,0.6070845318767312
0.17775991090177146,0.2446380908293114,1.1186944437607493,0.5128339299665946,1.5955182484862174
0.15440401079275903,0.28641287518908565,0.44748830559026576,0.40074112127763417,0.7918938301489797
0.1580128070498925,0.14679049083664875,0.32962315171802375,0.44269233503985145,0.472808241049914
0.14587972586631964,0.2681174847291304,0.4261507452248964,1.3060075512619984,1.808003113254661
0.10410486236137864,0.2240621156484685,0.3074421961346021,0.6121164222170727,0.8341358688132017
0.11609550621871025,0.22216392920557543,0.47079429139343537,0.3697892463116433,0.602966638308208
0.12216542080832152,0.21792644442719433,0.3780690556452434,0.3591567717233394,0.6456899588463968
0.12238911543000827,0.17838761319327606,0.34118242373258084,0.5972826808217413,0.7549280619882641
0.13588177308105837,0.15379660175973314,0.32999852585968376,1.3236953510433012,0.755090093644872
0.1372659935197852,0.21246306120051653,0.37590953999030197,1.1610496069478478,0.8172264133456107
0.15720237091175068,0.23619945881176208,0.3623556701412448,0.6046915872047535,0.4715147691727065
0.1474385818335716,0.22351955510809132,0.3884029389239289,0.560777833742362,0.6577489647025799
0.18425874043049612,0.25801347458578433,0.40531913550250126,0.6164487957300678,0.8635602814683414
0.17170154321220543,0.1990404778022981,0.3184248932841093,0.5595087905796559,0.8570917791212572
0.18955973540391735,0.1903193398091009,0.3408606991271281,0.5962378251964572,0.9144339740129703
0.15595809984672554,0.314191520035447,0.38377944055926067,0.4739523643804979,1.048800154084042
0.21022586584610217,0.19736951780908626,0.42050051407575284,0.47383615680705504,0.6100128138542426
0.1808413099509184,0.22430132055930493,0.30622570061611676,0.41151937238245534,0.7326210784943791
0.16331247916053113,0.1848910826995066,0.40609806088219474,1.3494523625925363,0.6690540254396754
0.06463623081557829,0.2931137158564278,0.2662666596735459,0.6053557526165025,1.4875344153872516
0.19297411890235355,0.23520128360491205,0.9734435468518214,0.5810735987181957,0.5671570772344665
0.16623897165463203,0.18556289509321777,0.3341412716971418,0.4982653761946378,0.8117261709757762
0.1325932009637979,0.1407185357353377,0.3572501415278786,0.6484725005805314,0.7056117794380246
0.22327231642813336,0.21510831072308578,0.343146993678626,0.5777259806269187,0.5989706482258829
0.14286863020470006,0.2234756431874361,0.34376800901098165,0.5560143433956664,0.867503433190085
0.13889715433451416,0.20253297783847207,0.23087691201459054,0.4614818512152677,0.9236964352022292
0.11370693680197498,0.2517183716843815,0.40004339898535,0.42887021099463135,0.6589826890673613
0.16049991981170125,0.2164636025398569,0.39844805256386995,0.5053883082007407,0.7817342543679342
0.12728335260572302,0.18630590804508454,0.3638401794349612,0.5528269728675176,0.7276172116217304
0.18097774110906859,0.23923039503531338,0.3895974893309916,1.2497666842486375,0.44529081347716437
0.13074708452048853,0.18345895271404603,0.23291811667109108,0.42203006937854637,0.6745175261058598
0.15372878154037836,0.19363239166129756,0.3067750815502267,0.65889729153121,1.0802097980034924
0.11889619648612232,0.1812412234156961,0.3839501300944847,0.3587778031216923,0.6832868594162288
0.1705963136805958,0.26019462920154673,0.3829149708518189,0.4800828693759436,0.6590797976333068
0.14290847792371966,0.2557361346278304,0.29399791861185026,0.3656780285269917,0.8275874661352579
0.16785212694491655,0.20443468577302795,0.39679220810942606,0.37473757302909716,0.5459096114030291
0.1665876754427938,0.2618283778724399,0.3137670760741783,0.8723909337335076,0.747184102558559
0.14112274461752536,0.21653583309527877,0.41443317802226454,0.4616420098389595,0.5178263838330713
0.140459241215231,0.1596580353774641,0.37217273013846763,0.3951648885955811,1.677037164798752
0.13537800080164863,0.23039615025112917,0.3386579607679632,0.48497365798051617,0.41631299081049
0.12552405463805763,0.2298096797215055,0.36420088459414707,0.40357774541723024,0.6886830262652981
0.14687857173610172,0.18958297923997952,0.27134736381717706,0.4694723377969406,0.8682390852462066
0.2162384298110532,0.11647841895941922,0.4433595224391139,0.45014442702311985,0.7895785829049254
0.19156447494002715,0.21270553705533402,0.3246302171854992,0.5190944188815473,0.604872577773225
0.12006828739084456,0.247462754808068,0.5573547591342372,0.4549444658496249,0.6355618737101292
0.08907407026446133,0.19666985713909393,0.33487842925795064,0.5245156707626274,0.5792331739070022
0.17116419418414258,0.22787303501141332,0.4692104838933612,0.5481907778278587,0.36313674499341364
0.06832717795223234,0.15706899718158468,0.4313018063921819,0.5109575866296334,0.5314617938967379
0.10627181649947673,0.18029005180062263,1.2373583674602542,0.5243481081638779,0.7386221961409442
0.1433687719587921,0.11303294841068173,0.3571926960630236,0.5030980482163587,0.5739717241158163
0.15984172085400508,0.21173533675296216,0.3500384826214847,1.1328739365110503,0.652584736189869
0.14304437424228642,0.14725533237556274,0.3637898184338514,0.3143451748520836,0.6209555431150047
0.12727220298281955,0.15292210349134738,0.30426228494151253,0.5771299542920735,0.48228759781164493
0.1058976078985702,0.13151959872034652,0.33825651544675295,0.4711665199131887,0.6529733236057775
0.19856417314980476,0.1391682461823256,0.28371510133421785,0.9804955947696874,0.9321804128050042
0.17575698228086917,0.16312064085830935,0.3678093978567489,0.5661625077588516,0.6073553411212911
0.12474882234218237,0.16570668666643176,0.37434305629068726,0.6480678594720584,0.8303941132077448
0.184010865417647,0.11711339689442164,0.4077478655298466,0.6008205603518812,0.643765394939465
0.19244171634950263,0.2246432448526583,0.3051356362623551,0.5640409934845343,0.7365130497868128
0.20191747063408483,0.29427566385941106,0.3302572525185462,0.6055579743293615,0.7217097576790367
0.1465270414318244,0.17117618584447183,0.37695974636636,0.5375651824674559,0.6916055228759102
0.1368989915226065,0.211690122032829,0.48816999758516105,0.5605107657276914,0.7315533526877162
0.19437708290551553,0.2456234825046628,0.32806784920017257,0.5950336082346885,0.6777928416860192
0.10723664345149223,0.15620891555239674,0.33066769800299806,1.2866222003621752,0.7532263859317473
0.09361400119415389,0.1595893474993775,0.4034155543223739,0.4996447922594058,0.7924671670013501
0.16717500621108486,0.2619587879758558,0.3899154754290591,0.6355000464081801,0.6222561909656703
0.17526237291271074,0.17780281735151698,0.2918856471153905,0.46457008000400163,0.7158221670802651
0.20867762356770894,0.2519064369547596,0.27061418883576127,0.4258667377873985,0.7131496229847997
0.1610319479381761,0.1842634051012424,0.277695084757817,0.6027992290528166,0.7355865904382124
0.13157123699690224,0.20445915632229164,0.31847356676953487,0.3598289581882412,0.6233334658756221
0.12967733784597202,0.20792113152831943,0.3268023828696705,0.47641496720404747,1.5758400296224617
0.21072594505924863,0.2070123735384939,0.3805206509289736,0.38264570372962636,0.6692754126775443
0.16337331148436113,0.17473648184778387,0.41308765553882903,0.47872144518756654,0.6956973833754968
0.13413467939076026,0.20101341772518327,0.26655293603595137,0.5878066196136228,0.9724220888170392
0.14914187734037707,0.2293673139512623,0.29973849492379484,0.40858272428269293,0.6022899201553431
0.17297220896721247,0.23340491302271466,0.4378258171657253,0.4383355918864538,0.6960570309791215
0.17916686979647153,0.13569526272038157,0.3352158374427307,0.4203630559236475,0.6665152217417256
0.13377550925828036,0.18683984790051592,0.2750449410372261,0.34950393852732586,0.8775297288791144
0.0850038178676006,0.191063675817558,0.3615498870371911,0.8937879088619362,0.6696180117304628
0.1507928019454416,0.19960438157950425,0.4289462702763619,0.41821158860115737,0.8074143155244788
0.15568859527235288,0.20083995757946596,0.5855224215187971,0.5559518642485975,0.4452782818696479
0.19044685730920405,0.2389448625480851,0.4321398925519433,0.5445792322727732,0.6024576772431927
0.14657333077790494,0.17533319614224,0.34646722878838465,0.3696017421253067,0.8878546784576473
0.16718425780299434,0.1989645893643622,0.45150667245224,0.5531675937954356,0.8870719975839516
0.17403995823838977,0.24464637767263847,0.28287397150006327,0.49048331716815846,0.7403476928262546
0.13887216176326347,0.5358323647379748,0.33664394051484947,1.294955981117001,0.6585345268077196
0.14965031385253155,0.2301928047023794,0.45386955178640875,0.5666468386993438,0.989382075558279
0.11624243239869933,0.2167441220116678,0.3758565199846653,0.4556951677325133,0.7225716610123092
0.1588528417345095,0.2328600441178454,0.32804736517680916,0.3732751428088864,0.5851490141074692
0.14268767590997924,0.2643722990329349,0.22945315440252584,0.5118509187756374,0.7279012079178684
0.16057090418454123,0.18904057791541973,0.41309460837152767,0.3781749163026448,0.9379505082948117
0.14838316472488344,0.2558208980138652,0.3677170104403656,0.5327569689973274,0.8236000276255375
0.15674650965715414,0.20226140507648066,0.42651893150193276,0.6294189667651924,0.6365665207488775
0.13592665277841495,0.14775691002695,0.2830035093980653,0.42646219749612824,0.8587449777366332
0.16019282297562357,0.25135012969473675,0.27266242332974033,0.45908200658603926,0.6907175031114257
0.19864074510455915,0.13778039749727516,0.3440680118831309,0.5125897893441607,1.8893908883807977
0.16433460063615088,0.20073448980144093,0.32285277228767095,0.6290896331940259,0.7342171000558706
0.09740549097364984,0.18769965785747572,0.366892958430329,0.4987964819379327,0.7484793524985504
0.18584421804936868,0.3142771105424988,0.5552651045044267,0.48390517439391356,1.1621670823028971
0.13848412387002465,0.20426953819506563,0.42427966946842044,0.49471510909650973,0.654707586609685
0.16329884684479481,0.19711390682045657,0.3431468376204485,0.4503181187034431,0.8550677170919003
0.16334950424653194,0.21890719156260768,0.28731217991441843,0.5904420775213919,0.8776669003677315
0.15210034242413722,0.23719001160238642,0.326826147035823,0.4408303689157289,0.702483093322353
0.17880412489647357,0.18665852583331288,0.29967060268123213,0.46403849723288215,0.7114568032664862
0.18175977002846774,0.20147773569075694,0.374255765581321,0.3546147673343809,0.4469887694612297
0.12641524473267654,0.1731022523721502,0.4261613405008337,0.26571185834782074,0.7930786016765756
0.21551546209022077,0.1894715877868902,0.3154471952433357,0.5093466860939743,0.5363602432398439
0.15010080770548853,0.12768176867320377,0.2629492402398812,0.6612031645941242,0.8302098822494163
0.16123402939354511,0.17359438818915796,0.314667228079584,0.4537144482359208,0.5876993182617448
0.1767290311202775,0.4756115703994848,0.3199401724867189,0.5596293009170678,0.64857612010296
